h11,Nvac,count_estimate,count_normalized,rgb_r,rgb_g,rgb_b,x_px,y_px
1,1,40.72,40.72,6.0,67.0,73.0,507.5,5916.5
2,1,245.7,245.7,41.0,89.0,53.0,522.98,5916.5
2,2,5.76,5.76,0.0,64.0,76.0,522.98,5812.05
3,1,972.26,972.26,250.0,225.0,144.0,538.47,5916.5
3,2,20.69,20.69,3.0,65.0,75.0,538.47,5812.05
3,3,10.68,10.68,1.0,64.0,76.0,538.47,5707.59
4,1,902.84,888.19,235.0,209.0,113.0,553.95,5916.5
4,2,85.69,84.3,14.0,72.0,69.0,553.95,5812.05
4,3,10.68,10.51,1.0,64.0,76.0,553.95,5707.59
4,4,5.76,5.67,0.0,64.0,76.0,553.95,5603.14
4,5,5.76,5.67,0.0,64.0,76.0,553.95,5498.69
4,10,5.76,5.67,0.0,64.0,76.0,553.95,4976.42
5,1,810.28,795.21,210.0,186.0,69.0,569.43,5916.5
5,2,170.7,167.53,28.0,81.0,61.0,569.43,5812.05
5,3,20.69,20.31,3.0,65.0,75.0,569.43,5707.59
5,4,5.76,5.65,0.0,64.0,76.0,569.43,5603.14
5,5,5.76,5.65,0.0,64.0,76.0,569.43,5498.69
5,10,5.76,5.65,0.0,64.0,76.0,569.43,4976.42
6,1,760.38,749.87,192.0,170.0,45.0,584.92,5916.5
6,2,190.72,188.08,32.0,83.0,58.0,584.92,5812.05
6,3,40.72,40.16,6.0,67.0,73.0,584.92,5707.59
6,4,10.68,10.53,2.0,64.0,76.0,584.92,5603.14
6,5,5.76,5.68,0.0,64.0,76.0,584.92,5498.69
6,10,5.76,5.68,0.0,64.0,76.0,584.92,4976.42
7,1,685.38,676.91,160.0,149.0,13.0,600.4,5916.5
7,2,235.69,232.78,39.0,88.0,54.0,600.4,5812.05
7,3,80.76,79.76,13.0,71.0,70.0,600.4,5707.59
7,4,10.68,10.55,1.0,64.0,76.0,600.4,5603.14
8,1,592.98,580.94,126.0,140.0,5.0,615.89,5916.5
8,2,290.67,284.77,49.0,94.0,48.0,615.89,5812.05
8,3,110.63,108.38,18.0,74.0,67.0,615.89,5707.59
8,4,20.69,20.27,3.0,65.0,75.0,615.89,5603.14
8,5,5.76,5.64,0.0,64.0,76.0,615.89,5498.69
9,1,555.4,548.16,114.0,135.0,11.0,631.37,5916.5
9,2,290.67,286.88,50.0,95.0,47.0,631.37,5812.05
9,3,130.66,128.96,21.0,76.0,65.0,631.37,5707.59
9,4,30.71,30.31,5.0,66.0,74.0,631.37,5603.14
9,5,5.76,5.68,0.0,64.0,76.0,631.37,5498.69
10,1,533.9,524.65,107.0,132.0,15.0,646.85,5916.5
10,2,290.67,285.63,50.0,95.0,47.0,646.85,5812.05
10,3,135.74,133.39,22.0,77.0,64.0,646.85,5707.59
10,4,45.8,45.01,7.0,68.0,73.0,646.85,5603.14
10,5,5.76,5.66,0.0,64.0,76.0,646.85,5498.69
10,6,5.76,5.66,0.0,64.0,76.0,646.85,5394.24
11,1,513.88,502.7,101.0,128.0,18.0,662.34,5916.5
11,2,300.52,293.98,51.0,96.0,46.0,662.34,5812.05
11,3,130.66,127.82,21.0,76.0,65.0,662.34,5707.59
11,4,65.66,64.23,11.0,70.0,71.0,662.34,5603.14
11,5,5.76,5.63,0.0,64.0,76.0,662.34,5498.69
11,6,5.76,5.63,0.0,64.0,76.0,662.34,5394.24
12,1,483.84,471.06,92.0,123.0,23.0,677.82,5916.5
12,2,330.55,321.82,57.0,100.0,43.0,677.82,5812.05
12,3,110.63,107.71,18.0,74.0,67.0,677.82,5707.59
12,4,80.76,78.63,13.0,71.0,70.0,677.82,5603.14
12,5,10.68,10.4,1.0,64.0,76.0,677.82,5498.69
12,6,10.68,10.4,1.0,64.0,76.0,677.82,5394.24
13,1,455.45,444.47,85.0,118.0,27.0,693.3,5916.5
13,2,355.5,346.93,62.0,103.0,40.0,693.3,5812.05
13,3,100.79,98.36,17.0,74.0,67.0,693.3,5707.59
13,4,90.77,88.58,15.0,72.0,69.0,693.3,5603.14
13,5,5.76,5.62,0.0,64.0,76.0,693.3,5498.69
13,6,10.68,10.42,1.0,64.0,76.0,693.3,5394.24
13,8,5.76,5.62,0.0,64.0,76.0,693.3,5185.33
14,1,450.53,437.56,84.0,117.0,28.0,708.79,5916.5
14,2,310.53,301.59,53.0,97.0,45.0,708.79,5812.05
14,3,150.68,146.34,25.0,79.0,63.0,708.79,5707.59
14,4,90.77,88.16,15.0,72.0,69.0,708.79,5603.14
14,5,10.68,10.37,1.0,64.0,76.0,708.79,5498.69
14,6,10.68,10.37,1.0,64.0,76.0,708.79,5394.24
14,8,5.76,5.59,0.0,64.0,76.0,708.79,5185.33
15,1,430.5,419.77,79.0,114.0,30.0,724.27,5916.5
15,2,350.58,341.85,61.0,103.0,41.0,724.27,5812.05
15,3,115.72,112.84,19.0,75.0,66.0,724.27,5707.59
15,4,100.79,98.28,17.0,74.0,67.0,724.27,5603.14
15,5,10.68,10.41,1.0,64.0,76.0,724.27,5498.69
15,6,5.76,5.62,0.0,64.0,76.0,724.27,5394.24
15,8,5.76,5.62,0.0,64.0,76.0,724.27,5185.33
15,9,5.76,5.62,0.0,64.0,76.0,724.27,5080.88
16,1,380.61,369.36,68.0,107.0,36.0,739.76,5916.5
16,2,400.47,388.63,72.0,110.0,34.0,739.76,5812.05
16,3,100.79,97.81,17.0,73.0,68.0,739.76,5707.59
16,4,110.63,107.36,18.0,74.0,67.0,739.76,5603.14
16,5,10.68,10.36,1.0,64.0,76.0,739.76,5498.69
16,6,15.77,15.3,2.0,65.0,75.0,739.76,5394.24
16,8,5.76,5.59,0.0,64.0,76.0,739.76,5185.33
16,9,5.76,5.59,0.0,64.0,76.0,739.76,5080.88
17,1,430.5,419.77,78.0,114.0,31.0,755.24,5916.5
17,2,370.6,361.37,66.0,106.0,38.0,755.24,5812.05
17,3,100.79,98.28,17.0,73.0,68.0,755.24,5707.59
17,4,95.7,93.32,16.0,73.0,68.0,755.24,5603.14
17,5,5.76,5.62,0.0,64.0,76.0,755.24,5498.69
17,6,10.68,10.41,2.0,64.0,76.0,755.24,5394.24
17,8,5.76,5.62,0.0,64.0,76.0,755.24,5185.33
17,9,5.76,5.62,0.0,64.0,76.0,755.24,5080.88
18,1,435.59,422.78,80.0,115.0,29.0,770.72,5916.5
18,2,385.53,374.2,69.0,107.0,36.0,770.72,5812.05
18,3,65.66,63.73,11.0,70.0,71.0,770.72,5707.59
18,4,95.7,92.89,16.0,73.0,68.0,770.72,5603.14
18,5,10.68,10.37,1.0,64.0,76.0,770.72,5498.69
18,6,20.69,20.08,3.0,65.0,75.0,770.72,5394.24
18,7,5.76,5.59,0.0,64.0,76.0,770.72,5289.78
18,8,10.68,10.37,1.0,64.0,76.0,770.72,5185.33
19,1,400.47,388.12,72.0,110.0,34.0,786.21,5916.5
19,2,420.49,407.53,77.0,113.0,31.0,786.21,5812.05
19,3,70.75,68.57,12.0,70.0,70.0,786.21,5707.59
19,4,95.7,92.75,16.0,73.0,68.0,786.21,5603.14
19,5,10.68,10.35,1.0,64.0,76.0,786.21,5498.69
19,6,10.68,10.35,1.0,64.0,76.0,786.21,5394.24
19,7,5.76,5.58,0.0,64.0,76.0,786.21,5289.78
19,8,5.76,5.58,0.0,64.0,76.0,786.21,5185.33
19,9,5.76,5.58,0.0,64.0,76.0,786.21,5080.88
19,25,5.76,5.58,0.0,64.0,76.0,786.21,3409.63
20,1,365.51,352.44,64.0,105.0,39.0,801.69,5916.5
20,2,470.55,453.73,89.0,121.0,24.0,801.69,5812.05
20,3,50.73,48.92,8.0,68.0,72.0,801.69,5707.59
20,4,100.79,97.19,17.0,73.0,68.0,801.69,5603.14
20,5,5.76,5.55,0.0,64.0,76.0,801.69,5498.69
20,6,15.77,15.21,2.0,65.0,75.0,801.69,5394.24
20,7,5.76,5.55,0.0,64.0,76.0,801.69,5289.78
20,8,10.68,10.3,1.0,64.0,76.0,801.69,5185.33
20,9,5.76,5.55,0.0,64.0,76.0,801.69,5080.88
20,25,5.76,5.55,0.0,64.0,76.0,801.69,3409.63
21,1,370.6,356.01,66.0,105.0,38.0,817.17,5916.5
21,2,420.49,403.94,77.0,113.0,31.0,817.17,5812.05
21,3,80.76,77.58,13.0,71.0,70.0,817.17,5707.59
21,4,110.63,106.28,18.0,74.0,67.0,817.17,5603.14
21,5,10.68,10.26,1.0,64.0,76.0,817.17,5498.69
21,6,20.69,19.88,3.0,65.0,75.0,817.17,5394.24
21,8,10.68,10.26,1.0,64.0,76.0,817.17,5185.33
21,9,10.68,10.26,1.0,64.0,76.0,817.17,5080.88
21,25,5.76,5.53,0.0,64.0,76.0,817.17,3409.63
22,1,390.62,380.58,70.0,108.0,35.0,832.66,5916.5
22,2,440.51,429.19,81.0,116.0,29.0,832.66,5812.05
22,3,70.75,68.93,12.0,70.0,70.0,832.66,5707.59
22,4,80.76,78.69,14.0,71.0,69.0,832.66,5603.14
22,5,5.76,5.61,0.0,64.0,76.0,832.66,5498.69
22,6,15.77,15.36,2.0,65.0,75.0,832.66,5394.24
22,8,10.68,10.41,1.0,64.0,76.0,832.66,5185.33
22,9,5.76,5.61,0.0,64.0,76.0,832.66,5080.88
22,25,5.76,5.61,0.0,64.0,76.0,832.66,3409.63
23,1,370.6,359.7,66.0,106.0,38.0,848.14,5916.5
23,2,430.5,417.84,78.0,114.0,31.0,848.14,5812.05
23,3,60.74,58.95,10.0,69.0,71.0,848.14,5707.59
23,4,120.64,117.09,20.0,76.0,65.0,848.14,5603.14
23,5,5.76,5.59,0.0,64.0,76.0,848.14,5498.69
23,6,20.69,20.08,3.0,65.0,75.0,848.14,5394.24
23,8,10.68,10.37,1.0,64.0,76.0,848.14,5185.33
23,9,10.68,10.37,1.0,64.0,76.0,848.14,5080.88
24,1,440.51,422.71,81.0,116.0,29.0,863.62,5916.5
24,2,417.21,400.35,76.0,112.0,32.0,863.62,5812.05
24,3,50.73,48.68,8.0,68.0,73.0,863.62,5707.59
24,4,90.77,87.1,15.0,72.0,69.0,863.62,5603.14
24,5,10.68,10.25,1.0,64.0,76.0,863.62,5498.69
24,6,15.77,15.13,2.0,65.0,76.0,863.62,5394.24
24,8,5.76,5.53,0.0,64.0,76.0,863.62,5185.33
24,9,10.68,10.25,1.0,64.0,76.0,863.62,5080.88
25,1,410.48,400.26,74.0,111.0,33.0,879.11,5916.5
25,2,420.49,410.02,77.0,113.0,31.0,879.11,5812.05
25,3,45.8,44.66,7.0,68.0,73.0,879.11,5707.59
25,4,100.79,98.28,17.0,73.0,68.0,879.11,5603.14
25,5,5.76,5.62,0.0,64.0,76.0,879.11,5498.69
25,6,25.78,25.14,4.0,66.0,75.0,879.11,5394.24
25,8,5.76,5.62,0.0,64.0,76.0,879.11,5185.33
25,9,10.68,10.41,1.0,64.0,76.0,879.11,5080.88
26,1,380.61,365.28,68.0,107.0,37.0,894.59,5916.5
26,2,410.48,393.94,74.0,111.0,33.0,894.59,5812.05
26,3,80.76,77.51,13.0,71.0,70.0,894.59,5707.59
26,4,110.63,106.17,18.0,74.0,67.0,894.59,5603.14
26,5,5.76,5.53,0.0,64.0,76.0,894.59,5498.69
26,6,25.78,24.74,4.0,66.0,74.0,894.59,5394.24
26,8,10.68,10.25,1.0,64.0,76.0,894.59,5185.33
26,9,5.76,5.53,0.0,64.0,76.0,894.59,5080.88
26,11,5.76,5.53,0.0,64.0,76.0,894.59,4871.97
26,16,5.76,5.53,0.0,64.0,76.0,894.59,4349.71
27,1,340.56,326.84,59.0,101.0,42.0,910.08,5916.5
27,2,475.47,456.31,90.0,121.0,24.0,910.08,5812.05
27,3,60.74,58.29,10.0,69.0,71.0,910.08,5707.59
27,4,100.79,96.73,17.0,74.0,67.0,910.08,5603.14
27,5,10.68,10.25,1.0,64.0,76.0,910.08,5498.69
27,6,25.78,24.74,4.0,66.0,74.0,910.08,5394.24
27,8,10.68,10.25,1.0,64.0,76.0,910.08,5185.33
27,9,5.76,5.53,0.0,64.0,76.0,910.08,5080.88
27,11,5.76,5.53,0.0,64.0,76.0,910.08,4871.97
27,16,5.76,5.53,0.0,64.0,76.0,910.08,4349.71
28,1,400.47,382.59,72.0,110.0,34.0,925.56,5916.5
28,2,440.51,420.84,81.0,115.0,29.0,925.56,5812.05
28,3,65.66,62.73,11.0,70.0,71.0,925.56,5707.59
28,4,90.77,86.72,15.0,72.0,69.0,925.56,5603.14
28,5,10.68,10.2,1.0,64.0,76.0,925.56,5498.69
28,6,10.68,10.2,1.0,64.0,76.0,925.56,5394.24
28,8,10.68,10.2,1.0,64.0,76.0,925.56,5185.33
28,9,5.76,5.5,0.0,64.0,76.0,925.56,5080.88
28,11,5.76,5.5,0.0,64.0,76.0,925.56,4871.97
28,16,5.76,5.5,0.0,64.0,76.0,925.56,4349.71
29,1,365.51,350.84,64.0,105.0,39.0,941.04,5916.5
29,2,430.5,413.22,78.0,114.0,31.0,941.04,5812.05
29,3,60.74,58.3,10.0,69.0,71.0,941.04,5707.59
29,4,115.72,111.07,19.0,75.0,66.0,941.04,5603.14
29,5,10.68,10.25,1.0,64.0,76.0,941.04,5498.69
29,6,30.71,29.48,5.0,66.0,74.0,941.04,5394.24
29,8,5.76,5.53,0.0,64.0,76.0,941.04,5185.33
29,9,10.68,10.25,1.0,64.0,76.0,941.04,5080.88
29,12,5.76,5.53,0.0,64.0,76.0,941.04,4767.52
29,16,5.76,5.53,0.0,64.0,76.0,941.04,4349.71
30,1,345.65,333.52,60.0,102.0,41.0,956.53,5916.5
30,2,435.59,420.3,80.0,115.0,30.0,956.53,5812.05
30,3,65.66,63.36,11.0,70.0,71.0,956.53,5707.59
30,4,135.74,130.98,22.0,77.0,64.0,956.53,5603.14
30,6,25.78,24.88,4.0,66.0,74.0,956.53,5394.24
30,8,5.76,5.56,0.0,64.0,76.0,956.53,5185.33
30,9,10.68,10.31,1.0,64.0,76.0,956.53,5080.88
30,12,5.76,5.56,0.0,64.0,76.0,956.53,4767.52
30,16,5.76,5.56,0.0,64.0,76.0,956.53,4349.71
31,1,370.6,355.44,65.0,105.0,38.0,972.01,5916.5
31,2,420.49,403.29,77.0,113.0,31.0,972.01,5812.05
31,3,60.74,58.25,10.0,69.0,71.0,972.01,5707.59
31,4,130.66,125.31,21.0,76.0,65.0,972.01,5603.14
31,5,10.68,10.24,1.0,64.0,76.0,972.01,5498.69
31,6,20.69,19.84,3.0,65.0,75.0,972.01,5394.24
31,7,5.76,5.52,0.0,64.0,76.0,972.01,5289.78
31,8,5.76,5.52,0.0,64.0,76.0,972.01,5185.33
31,9,5.76,5.52,0.0,64.0,76.0,972.01,5080.88
31,12,5.76,5.52,0.0,64.0,76.0,972.01,4767.52
31,16,5.76,5.52,0.0,64.0,76.0,972.01,4349.71
32,1,355.5,341.23,62.0,103.0,40.0,987.49,5916.5
32,2,430.5,413.22,79.0,114.0,30.0,987.49,5812.05
32,3,60.74,58.3,10.0,69.0,71.0,987.49,5707.59
32,4,130.66,125.42,21.0,76.0,65.0,987.49,5603.14
32,5,10.68,10.25,1.0,64.0,76.0,987.49,5498.69
32,6,25.78,24.75,4.0,66.0,75.0,987.49,5394.24
32,7,5.76,5.53,0.0,64.0,76.0,987.49,5289.78
32,8,5.76,5.53,0.0,64.0,76.0,987.49,5185.33
32,9,10.68,10.25,1.0,64.0,76.0,987.49,5080.88
32,12,5.76,5.53,0.0,64.0,76.0,987.49,4767.52
33,1,413.93,399.77,75.0,112.0,32.0,1002.98,5916.5
33,2,410.48,396.43,74.0,111.0,33.0,1002.98,5812.05
33,3,50.73,48.99,8.0,68.0,73.0,1002.98,5707.59
33,4,100.79,97.34,17.0,73.0,68.0,1002.98,5603.14
33,5,10.68,10.31,1.0,64.0,76.0,1002.98,5498.69
33,6,25.78,24.9,4.0,66.0,75.0,1002.98,5394.24
33,7,5.76,5.56,0.0,64.0,76.0,1002.98,5289.78
33,8,5.76,5.56,0.0,64.0,76.0,1002.98,5185.33
33,9,5.76,5.56,0.0,64.0,76.0,1002.98,5080.88
33,12,5.76,5.56,0.0,64.0,76.0,1002.98,4767.52
34,1,380.61,363.61,68.0,107.0,37.0,1018.46,5916.5
34,2,405.56,387.45,73.0,110.0,34.0,1018.46,5812.05
34,3,55.65,53.16,9.0,69.0,72.0,1018.46,5707.59
34,4,130.66,124.82,21.0,76.0,65.0,1018.46,5603.14
34,5,10.68,10.2,1.0,64.0,76.0,1018.46,5498.69
34,6,30.71,29.34,5.0,66.0,74.0,1018.46,5394.24
34,7,5.76,5.5,0.0,64.0,76.0,1018.46,5289.78
34,8,10.68,10.2,1.0,64.0,76.0,1018.46,5185.33
34,9,10.68,10.2,1.0,64.0,76.0,1018.46,5080.88
34,12,5.76,5.5,0.0,64.0,76.0,1018.46,4767.52
35,1,350.58,333.3,61.0,103.0,40.0,1033.94,5916.5
35,2,410.48,390.25,74.0,111.0,33.0,1033.94,5812.05
35,3,70.75,67.26,12.0,70.0,71.0,1033.94,5707.59
35,4,140.67,133.74,23.0,78.0,64.0,1033.94,5603.14
35,5,10.68,10.15,1.0,64.0,76.0,1033.94,5498.69
35,6,40.72,38.71,6.0,67.0,74.0,1033.94,5394.24
35,7,5.76,5.48,0.0,64.0,76.0,1033.94,5289.78
35,8,10.68,10.15,1.0,64.0,76.0,1033.94,5185.33
35,9,5.76,5.48,0.0,64.0,76.0,1033.94,5080.88
35,12,5.76,5.48,0.0,64.0,76.0,1033.94,4767.52
36,1,390.62,377.96,70.0,108.0,36.0,1049.43,5916.5
36,2,370.6,358.59,65.0,105.0,38.0,1049.43,5812.05
36,3,55.65,53.85,9.0,69.0,72.0,1049.43,5707.59
36,4,140.67,136.11,23.0,78.0,64.0,1049.43,5603.14
36,5,5.76,5.57,0.0,64.0,76.0,1049.43,5498.69
36,6,30.71,29.71,5.0,67.0,74.0,1049.43,5394.24
36,7,5.76,5.57,0.0,64.0,76.0,1049.43,5289.78
36,8,5.76,5.57,0.0,64.0,76.0,1049.43,5185.33
36,9,10.68,10.33,1.0,64.0,76.0,1049.43,5080.88
36,11,5.76,5.57,0.0,64.0,76.0,1049.43,4871.97
36,12,5.76,5.57,0.0,64.0,76.0,1049.43,4767.52
36,15,5.76,5.57,0.0,64.0,76.0,1049.43,4454.16
37,1,360.59,345.56,63.0,104.0,40.0,1064.91,5916.5
37,2,420.49,402.96,77.0,113.0,31.0,1064.91,5812.05
37,3,40.72,39.02,6.0,67.0,73.0,1064.91,5707.59
37,4,150.68,144.4,25.0,79.0,62.0,1064.91,5603.14
37,5,5.76,5.52,0.0,64.0,76.0,1064.91,5498.69
37,6,25.78,24.71,4.0,66.0,74.0,1064.91,5394.24
37,7,5.76,5.52,0.0,64.0,76.0,1064.91,5289.78
37,8,5.76,5.52,0.0,64.0,76.0,1064.91,5185.33
37,9,10.68,10.23,1.0,64.0,76.0,1064.91,5080.88
37,11,5.76,5.52,0.0,64.0,76.0,1064.91,4871.97
37,12,5.76,5.52,0.0,64.0,76.0,1064.91,4767.52
37,15,5.76,5.52,0.0,64.0,76.0,1064.91,4454.16
38,1,435.59,415.41,80.0,115.0,29.0,1080.4,5916.5
38,2,370.6,353.43,66.0,106.0,38.0,1080.4,5812.05
38,3,60.74,57.93,10.0,69.0,72.0,1080.4,5707.59
38,4,110.63,105.5,18.0,74.0,67.0,1080.4,5603.14
38,5,5.76,5.49,0.0,64.0,76.0,1080.4,5498.69
38,6,25.78,24.59,4.0,66.0,75.0,1080.4,5394.24
38,7,5.76,5.49,0.0,64.0,76.0,1080.4,5289.78
38,8,5.76,5.49,0.0,64.0,76.0,1080.4,5185.33
38,9,10.68,10.19,1.0,64.0,76.0,1080.4,5080.88
38,11,5.76,5.49,0.0,64.0,76.0,1080.4,4871.97
38,12,5.76,5.49,0.0,64.0,76.0,1080.4,4767.52
38,15,5.76,5.49,0.0,64.0,76.0,1080.4,4454.16
39,1,390.62,379.73,70.0,108.0,35.0,1095.88,5916.5
39,2,377.16,366.64,67.0,107.0,37.0,1095.88,5812.05
39,3,45.8,44.52,7.0,68.0,73.0,1095.88,5707.59
39,4,150.68,146.48,25.0,79.0,62.0,1095.88,5603.14
39,5,5.76,5.6,0.0,64.0,76.0,1095.88,5498.69
39,6,25.78,25.06,4.0,66.0,75.0,1095.88,5394.24
39,8,10.68,10.38,1.0,64.0,76.0,1095.88,5185.33
39,9,10.68,10.38,1.0,64.0,76.0,1095.88,5080.88
39,11,5.76,5.6,0.0,64.0,76.0,1095.88,4871.97
39,12,5.76,5.6,0.0,64.0,76.0,1095.88,4767.52
40,1,390.62,377.97,70.0,109.0,35.0,1111.36,5916.5
40,2,370.6,358.59,66.0,106.0,38.0,1111.36,5812.05
40,3,60.74,58.77,10.0,69.0,71.0,1111.36,5707.59
40,4,140.67,136.11,23.0,78.0,63.0,1111.36,5603.14
40,5,10.68,10.33,1.0,64.0,76.0,1111.36,5498.69
40,6,20.69,20.02,3.0,65.0,75.0,1111.36,5394.24
40,7,5.76,5.57,0.0,64.0,76.0,1111.36,5289.78
40,8,5.76,5.57,0.0,64.0,76.0,1111.36,5185.33
40,9,10.68,10.33,1.0,64.0,76.0,1111.36,5080.88
40,11,5.76,5.57,0.0,64.0,76.0,1111.36,4871.97
40,12,5.76,5.57,0.0,64.0,76.0,1111.36,4767.52
40,15,5.76,5.57,0.0,64.0,76.0,1111.36,4454.16
41,1,390.62,379.72,70.0,108.0,35.0,1126.85,5916.5
41,2,380.61,369.99,68.0,107.0,37.0,1126.85,5812.05
41,3,45.8,44.52,7.0,68.0,73.0,1126.85,5707.59
41,4,145.75,141.68,24.0,78.0,63.0,1126.85,5603.14
41,5,5.76,5.6,0.0,64.0,76.0,1126.85,5498.69
41,6,20.69,20.11,3.0,65.0,75.0,1126.85,5394.24
41,7,5.76,5.6,0.0,64.0,76.0,1126.85,5289.78
41,8,10.68,10.38,1.0,64.0,76.0,1126.85,5185.33
41,9,5.76,5.6,0.0,64.0,76.0,1126.85,5080.88
41,11,5.76,5.6,0.0,64.0,76.0,1126.85,4871.97
41,12,5.76,5.6,0.0,64.0,76.0,1126.85,4767.52
41,15,5.76,5.6,0.0,64.0,76.0,1126.85,4454.16
42,1,410.48,389.44,74.0,111.0,33.0,1142.33,5916.5
42,2,370.6,351.61,65.0,105.0,38.0,1142.33,5812.05
42,3,55.65,52.8,9.0,69.0,72.0,1142.33,5707.59
42,4,130.66,123.96,21.0,76.0,65.0,1142.33,5603.14
42,5,10.68,10.13,1.0,64.0,76.0,1142.33,5498.69
42,6,30.71,29.14,5.0,66.0,74.0,1142.33,5394.24
42,7,5.76,5.46,0.0,64.0,76.0,1142.33,5289.78
42,8,5.76,5.46,0.0,64.0,76.0,1142.33,5185.33
42,9,10.68,10.13,1.0,64.0,76.0,1142.33,5080.88
42,11,5.76,5.46,0.0,64.0,76.0,1142.33,4871.97
42,12,5.76,5.46,0.0,64.0,76.0,1142.33,4767.52
42,15,5.76,5.46,0.0,64.0,76.0,1142.33,4454.16
42,24,5.76,5.46,0.0,64.0,76.0,1142.33,3514.08
43,1,420.49,403.1,77.0,113.0,31.0,1157.81,5916.5
43,2,355.5,340.79,62.0,103.0,40.0,1157.81,5812.05
43,3,65.66,62.94,11.0,70.0,71.0,1157.81,5707.59
43,4,120.64,115.65,20.0,76.0,65.0,1157.81,5603.14
43,5,10.68,10.24,1.0,64.0,76.0,1157.81,5498.69
43,6,25.78,24.71,4.0,66.0,74.0,1157.81,5394.24
43,7,5.76,5.52,0.0,64.0,76.0,1157.81,5289.78
43,8,10.68,10.24,1.0,64.0,76.0,1157.81,5185.33
43,9,10.68,10.24,1.0,64.0,76.0,1157.81,5080.88
43,12,5.76,5.52,0.0,64.0,76.0,1157.81,4767.52
43,15,5.76,5.52,0.0,64.0,76.0,1157.81,4454.16
43,24,5.76,5.52,0.0,64.0,76.0,1157.81,3514.08
44,1,440.51,416.52,81.0,115.0,29.0,1173.3,5916.5
44,2,350.58,331.49,61.0,102.0,41.0,1173.3,5812.05
44,3,40.72,38.5,6.0,67.0,73.0,1173.3,5707.59
44,4,160.69,151.94,26.0,79.0,62.0,1173.3,5603.14
44,5,10.68,10.1,1.0,64.0,76.0,1173.3,5498.69
44,6,15.77,14.91,2.0,65.0,76.0,1173.3,5394.24
44,7,5.76,5.45,0.0,64.0,76.0,1173.3,5289.78
44,8,10.68,10.1,1.0,64.0,76.0,1173.3,5185.33
44,9,10.68,10.1,1.0,64.0,76.0,1173.3,5080.88
44,12,5.76,5.45,0.0,64.0,76.0,1173.3,4767.52
44,24,5.76,5.45,0.0,64.0,76.0,1173.3,3514.08
45,1,440.51,428.98,81.0,116.0,29.0,1188.78,5916.5
45,2,320.54,312.15,56.0,99.0,44.0,1188.78,5812.05
45,3,55.65,54.19,9.0,69.0,72.0,1188.78,5707.59
45,4,145.75,141.94,24.0,78.0,63.0,1188.78,5603.14
45,5,5.76,5.61,0.0,64.0,76.0,1188.78,5498.69
45,6,25.78,25.11,4.0,66.0,75.0,1188.78,5394.24
45,7,5.76,5.61,0.0,64.0,76.0,1188.78,5289.78
45,8,10.68,10.4,1.0,64.0,76.0,1188.78,5185.33
45,9,10.68,10.4,1.0,64.0,76.0,1188.78,5080.88
45,12,5.76,5.61,0.0,64.0,76.0,1188.78,4767.52
46,1,455.45,443.52,85.0,118.0,27.0,1204.27,5916.5
46,2,360.59,351.15,63.0,104.0,40.0,1204.27,5812.05
46,3,40.72,39.65,7.0,67.0,73.0,1204.27,5707.59
46,4,120.64,117.48,20.0,75.0,66.0,1204.27,5603.14
46,5,5.76,5.61,0.0,64.0,76.0,1204.27,5498.69
46,6,15.77,15.36,2.0,65.0,75.0,1204.27,5394.24
46,7,5.76,5.61,0.0,64.0,76.0,1204.27,5289.78
46,8,10.68,10.4,1.0,64.0,76.0,1204.27,5185.33
46,9,5.76,5.61,0.0,64.0,76.0,1204.27,5080.88
46,12,5.76,5.61,0.0,64.0,76.0,1204.27,4767.52
47,1,475.47,458.26,90.0,121.0,24.0,1219.75,5916.5
47,2,340.56,328.23,59.0,101.0,42.0,1219.75,5812.05
47,3,40.72,39.25,7.0,67.0,73.0,1219.75,5707.59
47,4,110.63,106.63,19.0,74.0,66.0,1219.75,5603.14
47,5,5.76,5.55,0.0,64.0,76.0,1219.75,5498.69
47,6,25.78,24.85,4.0,66.0,75.0,1219.75,5394.24
47,7,5.76,5.55,0.0,64.0,76.0,1219.75,5289.78
47,8,10.68,10.29,1.0,64.0,76.0,1219.75,5185.33
47,9,10.68,10.29,1.0,64.0,76.0,1219.75,5080.88
47,12,5.76,5.55,0.0,64.0,76.0,1219.75,4767.52
47,15,5.76,5.55,0.0,64.0,76.0,1219.75,4454.16
48,1,470.55,457.85,89.0,121.0,24.0,1235.23,5916.5
48,2,330.55,321.63,57.0,100.0,43.0,1235.23,5812.05
48,3,40.72,39.62,7.0,67.0,73.0,1235.23,5707.59
48,4,130.66,127.13,21.0,76.0,65.0,1235.23,5603.14
48,5,5.76,5.6,0.0,64.0,76.0,1235.23,5498.69
48,6,15.77,15.34,2.0,65.0,75.0,1235.23,5394.24
48,7,5.76,5.6,0.0,64.0,76.0,1235.23,5289.78
48,8,10.68,10.39,1.0,64.0,76.0,1235.23,5185.33
48,9,5.76,5.6,0.0,64.0,76.0,1235.23,5080.88
48,12,5.76,5.6,0.0,64.0,76.0,1235.23,4767.52
48,15,5.76,5.6,0.0,64.0,76.0,1235.23,4454.16
49,1,495.49,480.14,96.0,125.0,20.0,1250.72,5916.5
49,2,290.67,281.67,50.0,95.0,47.0,1250.72,5812.05
49,3,40.72,39.46,6.0,67.0,73.0,1250.72,5707.59
49,4,140.67,136.31,23.0,77.0,64.0,1250.72,5603.14
49,5,5.76,5.58,0.0,64.0,76.0,1250.72,5498.69
49,6,25.78,24.98,4.0,66.0,75.0,1250.72,5394.24
49,8,10.68,10.35,1.0,64.0,76.0,1250.72,5185.33
49,9,10.68,10.35,1.0,64.0,76.0,1250.72,5080.88
49,12,5.76,5.58,0.0,64.0,76.0,1250.72,4767.52
49,15,5.76,5.58,0.0,64.0,76.0,1250.72,4454.16
50,1,495.49,477.47,96.0,125.0,21.0,1266.2,5916.5
50,2,320.54,308.89,55.0,99.0,44.0,1266.2,5812.05
50,3,30.71,29.59,5.0,66.0,74.0,1266.2,5707.59
50,4,115.72,111.51,19.0,75.0,66.0,1266.2,5603.14
50,5,10.68,10.29,1.0,64.0,76.0,1266.2,5498.69
50,6,25.78,24.84,4.0,66.0,75.0,1266.2,5394.24
50,7,5.76,5.55,0.0,64.0,76.0,1266.2,5289.78
50,8,15.77,15.2,2.0,65.0,76.0,1266.2,5185.33
50,9,5.76,5.55,0.0,64.0,76.0,1266.2,5080.88
50,12,5.76,5.55,0.0,64.0,76.0,1266.2,4767.52
50,15,5.76,5.55,0.0,64.0,76.0,1266.2,4454.16
51,1,565.41,547.98,117.0,137.0,9.0,1281.68,5916.5
51,2,285.58,276.78,48.0,94.0,48.0,1281.68,5812.05
51,3,40.72,39.47,7.0,67.0,73.0,1281.68,5707.59
51,4,80.76,78.27,14.0,71.0,69.0,1281.68,5603.14
51,5,5.76,5.58,0.0,64.0,76.0,1281.68,5498.69
51,6,20.69,20.05,3.0,65.0,75.0,1281.68,5394.24
51,7,5.76,5.58,0.0,64.0,76.0,1281.68,5289.78
51,8,10.68,10.35,2.0,64.0,76.0,1281.68,5185.33
51,9,10.68,10.35,1.0,64.0,76.0,1281.68,5080.88
51,12,5.76,5.58,0.0,64.0,76.0,1281.68,4767.52
52,1,513.88,493.55,101.0,128.0,18.0,1297.17,5916.5
52,2,305.61,293.52,52.0,97.0,46.0,1297.17,5812.05
52,3,50.73,48.72,8.0,68.0,72.0,1297.17,5707.59
52,4,100.79,96.8,17.0,73.0,68.0,1297.17,5603.14
52,5,5.76,5.53,0.0,64.0,76.0,1297.17,5498.69
52,6,20.69,19.87,3.0,65.0,75.0,1297.17,5394.24
52,7,5.76,5.53,0.0,64.0,76.0,1297.17,5289.78
52,8,20.69,19.87,3.0,65.0,75.0,1297.17,5185.33
52,9,5.76,5.53,0.0,64.0,76.0,1297.17,5080.88
52,10,5.76,5.53,0.0,64.0,76.0,1297.17,4976.42
52,12,5.76,5.53,0.0,64.0,76.0,1297.17,4767.52
53,1,537.18,516.33,108.0,132.0,14.0,1312.65,5916.5
53,2,270.65,260.15,46.0,93.0,50.0,1312.65,5812.05
53,3,50.73,48.76,8.0,68.0,72.0,1312.65,5707.59
53,4,100.79,96.88,17.0,74.0,67.0,1312.65,5603.14
53,5,5.76,5.54,0.0,64.0,76.0,1312.65,5498.69
53,6,15.77,15.16,2.0,65.0,75.0,1312.65,5394.24
53,7,5.76,5.54,0.0,64.0,76.0,1312.65,5289.78
53,8,20.69,19.89,3.0,65.0,75.0,1312.65,5185.33
53,9,15.77,15.16,2.0,65.0,76.0,1312.65,5080.88
53,10,5.76,5.54,0.0,64.0,76.0,1312.65,4976.42
53,12,5.76,5.54,0.0,64.0,76.0,1312.65,4767.52
53,16,5.76,5.54,0.0,64.0,76.0,1312.65,4349.71
54,1,467.27,451.71,88.0,120.0,25.0,1328.13,5916.5
54,2,330.55,319.54,58.0,100.0,43.0,1328.13,5812.05
54,3,45.8,44.28,7.0,68.0,73.0,1328.13,5707.59
54,4,120.64,116.62,20.0,76.0,66.0,1328.13,5603.14
54,5,5.76,5.57,0.0,64.0,76.0,1328.13,5498.69
54,6,25.78,24.92,4.0,66.0,75.0,1328.13,5394.24
54,8,10.68,10.32,1.0,64.0,76.0,1328.13,5185.33
54,9,10.68,10.32,1.0,64.0,76.0,1328.13,5080.88
54,10,5.76,5.57,0.0,64.0,76.0,1328.13,4976.42
54,12,5.76,5.57,0.0,64.0,76.0,1328.13,4767.52
54,16,5.76,5.57,0.0,64.0,76.0,1328.13,4349.71
55,1,577.88,559.01,121.0,138.0,7.0,1343.62,5916.5
55,2,245.7,237.68,41.0,89.0,53.0,1343.62,5812.05
55,3,60.74,58.76,10.0,69.0,71.0,1343.62,5707.59
55,4,90.77,87.81,15.0,72.0,69.0,1343.62,5603.14
55,5,5.76,5.57,0.0,64.0,76.0,1343.62,5498.69
55,6,25.78,24.94,4.0,66.0,75.0,1343.62,5394.24
55,8,10.68,10.33,1.0,64.0,76.0,1343.62,5185.33
55,9,10.68,10.33,1.0,64.0,76.0,1343.62,5080.88
55,16,5.76,5.57,0.0,64.0,76.0,1343.62,4349.71
56,1,590.52,572.69,125.0,140.0,5.0,1359.1,5916.5
56,2,265.56,257.54,45.0,92.0,50.0,1359.1,5812.05
56,3,40.72,39.49,6.0,67.0,73.0,1359.1,5707.59
56,4,80.76,78.32,13.0,71.0,70.0,1359.1,5603.14
56,5,5.76,5.59,0.0,64.0,76.0,1359.1,5498.69
56,6,20.69,20.07,3.0,65.0,75.0,1359.1,5394.24
56,7,5.76,5.59,0.0,64.0,76.0,1359.1,5289.78
56,8,10.68,10.36,1.0,64.0,76.0,1359.1,5185.33
56,9,10.68,10.36,1.0,64.0,76.0,1359.1,5080.88
57,1,543.75,533.44,110.0,134.0,12.0,1374.59,5916.5
57,2,260.64,255.7,44.0,92.0,51.0,1374.59,5812.05
57,3,50.73,49.77,9.0,68.0,72.0,1374.59,5707.59
57,4,95.7,93.89,16.0,73.0,68.0,1374.59,5603.14
57,5,5.76,5.65,0.0,64.0,76.0,1374.59,5498.69
57,6,20.69,20.3,3.0,65.0,75.0,1374.59,5394.24
57,7,10.68,10.48,1.0,64.0,76.0,1374.59,5289.78
57,8,20.69,20.3,3.0,65.0,75.0,1374.59,5185.33
57,9,10.68,10.48,1.0,64.0,76.0,1374.59,5080.88
58,1,510.43,495.02,100.0,128.0,18.0,1390.07,5916.5
58,2,295.6,286.67,50.0,96.0,47.0,1390.07,5812.05
58,3,65.66,63.68,11.0,70.0,71.0,1390.07,5707.59
58,4,100.79,97.75,17.0,74.0,67.0,1390.07,5603.14
58,5,10.68,10.36,1.0,64.0,76.0,1390.07,5498.69
58,6,15.77,15.29,2.0,65.0,75.0,1390.07,5394.24
58,7,10.68,10.36,1.0,64.0,76.0,1390.07,5289.78
58,8,15.77,15.29,2.0,65.0,75.0,1390.07,5185.33
58,9,5.76,5.59,0.0,64.0,76.0,1390.07,5080.88
59,1,577.88,550.7,121.0,138.0,7.0,1405.55,5916.5
59,2,255.55,243.53,43.0,91.0,51.0,1405.55,5812.05
59,3,50.73,48.34,8.0,68.0,73.0,1405.55,5707.59
59,4,90.77,86.5,15.0,72.0,69.0,1405.55,5603.14
59,5,5.76,5.49,0.0,64.0,76.0,1405.55,5498.69
59,6,25.78,24.57,4.0,66.0,75.0,1405.55,5394.24
59,7,10.68,10.18,1.0,64.0,76.0,1405.55,5289.78
59,8,15.77,15.03,2.0,65.0,76.0,1405.55,5185.33
59,9,10.68,10.18,1.0,64.0,76.0,1405.55,5080.88
59,12,5.76,5.49,0.0,64.0,76.0,1405.55,4767.52
60,1,540.46,521.57,109.0,133.0,14.0,1421.04,5916.5
60,2,280.66,270.85,47.0,93.0,49.0,1421.04,5812.05
60,3,80.76,77.94,13.0,71.0,70.0,1421.04,5707.59
60,4,70.75,68.28,12.0,70.0,70.0,1421.04,5603.14
60,5,10.68,10.31,1.0,64.0,76.0,1421.04,5498.69
60,6,30.71,29.64,5.0,66.0,74.0,1421.04,5394.24
60,8,10.68,10.31,1.0,64.0,76.0,1421.04,5185.33
60,9,5.76,5.56,0.0,64.0,76.0,1421.04,5080.88
60,12,5.76,5.56,0.0,64.0,76.0,1421.04,4767.52
61,1,520.44,501.84,103.0,130.0,16.0,1436.52,5916.5
61,2,290.67,280.28,49.0,95.0,47.0,1436.52,5812.05
61,3,50.73,48.92,8.0,68.0,73.0,1436.52,5707.59
61,4,110.63,106.68,18.0,74.0,67.0,1436.52,5603.14
61,5,5.76,5.55,0.0,64.0,76.0,1436.52,5498.69
61,6,25.78,24.86,4.0,66.0,75.0,1436.52,5394.24
61,7,5.76,5.55,0.0,64.0,76.0,1436.52,5289.78
61,8,15.77,15.21,2.0,65.0,76.0,1436.52,5185.33
61,9,5.76,5.55,0.0,64.0,76.0,1436.52,5080.88
61,12,5.76,5.55,0.0,64.0,76.0,1436.52,4767.52
62,1,507.15,491.05,99.0,127.0,19.0,1452.0,5916.5
62,2,270.65,262.06,46.0,93.0,50.0,1452.0,5812.05
62,3,55.65,53.88,9.0,69.0,72.0,1452.0,5707.59
62,4,130.66,126.51,21.0,76.0,65.0,1452.0,5603.14
62,5,5.76,5.58,0.0,64.0,76.0,1452.0,5498.69
62,6,30.71,29.73,5.0,67.0,74.0,1452.0,5394.24
62,7,5.76,5.58,0.0,64.0,76.0,1452.0,5289.78
62,8,20.69,20.03,3.0,65.0,75.0,1452.0,5185.33
62,9,5.76,5.58,0.0,64.0,76.0,1452.0,5080.88
63,1,520.44,504.73,103.0,129.0,17.0,1467.49,5916.5
63,2,270.65,262.48,46.0,93.0,50.0,1467.49,5812.05
63,3,70.75,68.61,12.0,70.0,71.0,1467.49,5707.59
63,4,110.63,107.29,18.0,74.0,67.0,1467.49,5603.14
63,5,10.68,10.36,1.0,64.0,76.0,1467.49,5498.69
63,6,25.78,25.0,4.0,66.0,75.0,1467.49,5394.24
63,7,5.76,5.59,0.0,64.0,76.0,1467.49,5289.78
63,8,10.68,10.36,1.0,64.0,76.0,1467.49,5185.33
63,9,5.76,5.59,0.0,64.0,76.0,1467.49,5080.88
64,1,547.19,532.37,111.0,134.0,12.0,1482.97,5916.5
64,2,290.67,282.8,49.0,95.0,47.0,1482.97,5812.05
64,3,65.66,63.88,11.0,70.0,71.0,1482.97,5707.59
64,4,70.75,68.83,12.0,70.0,71.0,1482.97,5603.14
64,5,10.68,10.39,1.0,64.0,76.0,1482.97,5498.69
64,6,20.69,20.13,3.0,65.0,75.0,1482.97,5394.24
64,7,5.76,5.6,0.0,64.0,76.0,1482.97,5289.78
64,8,10.68,10.39,1.0,64.0,76.0,1482.97,5185.33
64,9,5.76,5.6,0.0,64.0,76.0,1482.97,5080.88
65,1,513.88,496.78,101.0,128.0,18.0,1498.46,5916.5
65,2,280.66,271.32,48.0,94.0,49.0,1498.46,5812.05
65,3,55.65,53.8,9.0,69.0,72.0,1498.46,5707.59
65,4,110.63,106.95,18.0,74.0,67.0,1498.46,5603.14
65,5,10.68,10.32,1.0,64.0,76.0,1498.46,5498.69
65,6,30.71,29.69,5.0,66.0,74.0,1498.46,5394.24
65,7,5.76,5.57,0.0,64.0,76.0,1498.46,5289.78
65,8,20.69,20.0,3.0,65.0,75.0,1498.46,5185.33
65,9,5.76,5.57,0.0,64.0,76.0,1498.46,5080.88
66,1,440.51,427.21,82.0,116.0,29.0,1513.94,5916.5
66,2,305.61,296.38,52.0,97.0,46.0,1513.94,5812.05
66,3,80.76,78.32,13.0,71.0,70.0,1513.94,5707.59
66,4,130.66,126.71,21.0,76.0,65.0,1513.94,5603.14
66,5,10.68,10.36,1.0,64.0,76.0,1513.94,5498.69
66,6,30.71,29.78,5.0,67.0,74.0,1513.94,5394.24
66,7,5.76,5.59,0.0,64.0,76.0,1513.94,5289.78
66,8,15.77,15.29,2.0,65.0,75.0,1513.94,5185.33
66,9,10.68,10.36,1.0,64.0,76.0,1513.94,5080.88
67,1,455.45,441.41,85.0,118.0,27.0,1529.42,5916.5
67,2,315.62,305.89,54.0,98.0,45.0,1529.42,5812.05
67,3,65.66,63.64,11.0,70.0,71.0,1529.42,5707.59
67,4,100.79,97.68,17.0,73.0,68.0,1529.42,5603.14
67,5,10.68,10.35,1.0,64.0,76.0,1529.42,5498.69
67,6,40.72,39.46,6.0,67.0,74.0,1529.42,5394.24
67,8,20.69,20.05,3.0,65.0,75.0,1529.42,5185.33
67,9,10.68,10.35,1.0,64.0,76.0,1529.42,5080.88
67,10,5.76,5.58,0.0,64.0,76.0,1529.42,4976.42
67,16,5.76,5.58,0.0,64.0,76.0,1529.42,4349.71
68,1,547.19,526.38,111.0,134.0,12.0,1544.91,5916.5
68,2,290.67,279.62,49.0,95.0,47.0,1544.91,5812.05
68,3,50.73,48.8,9.0,68.0,72.0,1544.91,5707.59
68,4,80.76,77.69,14.0,71.0,69.0,1544.91,5603.14
68,5,10.68,10.27,1.0,64.0,76.0,1544.91,5498.69
68,6,15.77,15.17,2.0,65.0,75.0,1544.91,5394.24
68,7,5.76,5.54,0.0,64.0,76.0,1544.91,5289.78
68,8,15.77,15.17,2.0,65.0,76.0,1544.91,5185.33
68,9,10.68,10.27,1.0,64.0,76.0,1544.91,5080.88
68,10,5.76,5.54,0.0,64.0,76.0,1544.91,4976.42
68,16,5.76,5.54,0.0,64.0,76.0,1544.91,4349.71
69,1,507.15,485.17,99.0,127.0,19.0,1560.39,5916.5
69,2,295.6,282.79,50.0,96.0,47.0,1560.39,5812.05
69,3,70.75,67.68,12.0,70.0,70.0,1560.39,5707.59
69,4,90.77,86.84,15.0,72.0,69.0,1560.39,5603.14
69,5,10.68,10.22,1.0,64.0,76.0,1560.39,5498.69
69,6,25.78,24.66,4.0,66.0,75.0,1560.39,5394.24
69,7,5.76,5.51,0.0,64.0,76.0,1560.39,5289.78
69,8,15.77,15.09,2.0,65.0,76.0,1560.39,5185.33
69,9,5.76,5.51,0.0,64.0,76.0,1560.39,5080.88
69,10,5.76,5.51,0.0,64.0,76.0,1560.39,4976.42
69,12,5.76,5.51,0.0,64.0,76.0,1560.39,4767.52
69,16,5.76,5.51,0.0,64.0,76.0,1560.39,4349.71
70,1,503.86,486.55,98.0,126.0,19.0,1575.87,5916.5
70,2,270.65,261.35,46.0,93.0,50.0,1575.87,5812.05
70,3,80.76,77.99,13.0,71.0,70.0,1575.87,5707.59
70,4,100.79,97.33,17.0,73.0,68.0,1575.87,5603.14
70,5,10.68,10.31,1.0,64.0,76.0,1575.87,5498.69
70,6,25.78,24.89,4.0,66.0,75.0,1575.87,5394.24
70,7,5.76,5.56,0.0,64.0,76.0,1575.87,5289.78
70,8,25.78,24.89,4.0,66.0,74.0,1575.87,5185.33
70,9,5.76,5.56,0.0,64.0,76.0,1575.87,5080.88
70,12,5.76,5.56,0.0,64.0,76.0,1575.87,4767.52
71,1,445.6,422.97,83.0,116.0,28.0,1591.36,5916.5
71,2,280.66,266.4,47.0,93.0,49.0,1591.36,5812.05
71,3,70.75,67.16,12.0,70.0,70.0,1591.36,5707.59
71,4,140.67,133.53,23.0,77.0,64.0,1591.36,5603.14
71,5,10.68,10.14,1.0,64.0,76.0,1591.36,5498.69
71,6,40.72,38.65,6.0,67.0,74.0,1591.36,5394.24
71,7,5.76,5.47,0.0,64.0,76.0,1591.36,5289.78
71,8,30.71,29.15,5.0,66.0,74.0,1591.36,5185.33
71,9,10.68,10.14,1.0,64.0,76.0,1591.36,5080.88
71,12,5.76,5.47,0.0,64.0,76.0,1591.36,4767.52
71,15,5.76,5.47,0.0,64.0,76.0,1591.36,4454.16
71,16,5.76,5.47,0.0,64.0,76.0,1591.36,4349.71
72,1,523.89,502.93,104.0,130.0,16.0,1606.84,5916.5
72,2,300.52,288.5,51.0,96.0,46.0,1606.84,5812.05
72,3,55.65,53.42,9.0,69.0,72.0,1606.84,5707.59
72,4,90.77,87.14,15.0,72.0,69.0,1606.84,5603.14
72,5,10.68,10.25,1.0,64.0,76.0,1606.84,5498.69
72,6,20.69,19.86,3.0,65.0,75.0,1606.84,5394.24
72,7,5.76,5.53,0.0,64.0,76.0,1606.84,5289.78
72,8,10.68,10.25,1.0,64.0,76.0,1606.84,5185.33
72,9,5.76,5.53,0.0,64.0,76.0,1606.84,5080.88
72,12,5.76,5.53,0.0,64.0,76.0,1606.84,4767.52
72,15,5.76,5.53,0.0,64.0,76.0,1606.84,4454.16
72,16,5.76,5.53,0.0,64.0,76.0,1606.84,4349.71
73,1,490.57,465.65,95.0,124.0,21.0,1622.32,5916.5
73,2,300.52,285.26,51.0,96.0,47.0,1622.32,5812.05
73,3,50.73,48.15,8.0,68.0,73.0,1622.32,5707.59
73,4,130.66,124.02,21.0,76.0,65.0,1622.32,5603.14
73,5,5.76,5.47,0.0,64.0,76.0,1622.32,5498.69
73,6,25.78,24.47,4.0,66.0,75.0,1622.32,5394.24
73,7,5.76,5.47,0.0,64.0,76.0,1622.32,5289.78
73,8,20.69,19.64,3.0,65.0,75.0,1622.32,5185.33
73,9,5.76,5.47,0.0,64.0,76.0,1622.32,5080.88
73,12,5.76,5.47,0.0,64.0,76.0,1622.32,4767.52
73,15,5.76,5.47,0.0,64.0,76.0,1622.32,4454.16
73,16,5.76,5.47,0.0,64.0,76.0,1622.32,4349.71
74,1,483.84,465.08,92.0,123.0,23.0,1637.81,5916.5
74,2,290.67,279.4,49.0,94.0,48.0,1637.81,5812.05
74,3,60.74,58.38,10.0,69.0,72.0,1637.81,5707.59
74,4,130.66,125.59,21.0,76.0,65.0,1637.81,5603.14
74,5,10.68,10.27,1.0,64.0,76.0,1637.81,5498.69
74,6,20.69,19.89,3.0,65.0,75.0,1637.81,5394.24
74,7,5.76,5.54,0.0,64.0,76.0,1637.81,5289.78
74,8,25.78,24.78,4.0,66.0,74.0,1637.81,5185.33
74,9,5.76,5.54,0.0,64.0,76.0,1637.81,5080.88
74,12,5.76,5.54,0.0,64.0,76.0,1637.81,4767.52
75,1,430.5,416.9,79.0,114.0,30.0,1653.29,5916.5
75,2,320.54,310.41,56.0,99.0,44.0,1653.29,5812.05
75,3,65.66,63.59,11.0,70.0,71.0,1653.29,5707.59
75,4,135.74,131.45,22.0,77.0,64.0,1653.29,5603.14
75,5,10.68,10.34,1.0,64.0,76.0,1653.29,5498.69
75,6,25.78,24.97,4.0,66.0,75.0,1653.29,5394.24
75,7,5.76,5.58,0.0,64.0,76.0,1653.29,5289.78
75,8,20.69,20.04,3.0,65.0,75.0,1653.29,5185.33
75,9,5.76,5.58,0.0,64.0,76.0,1653.29,5080.88
75,10,5.76,5.58,0.0,64.0,76.0,1653.29,4976.42
75,12,5.76,5.58,0.0,64.0,76.0,1653.29,4767.52
76,1,500.58,485.07,97.0,126.0,20.0,1668.78,5916.5
76,2,270.65,262.27,46.0,93.0,50.0,1668.78,5812.05
76,3,70.75,68.56,12.0,70.0,70.0,1668.78,5707.59
76,4,110.63,107.2,18.0,74.0,67.0,1668.78,5603.14
76,5,10.68,10.35,1.0,64.0,76.0,1668.78,5498.69
76,6,30.71,29.76,5.0,66.0,74.0,1668.78,5394.24
76,8,15.77,15.28,2.0,65.0,76.0,1668.78,5185.33
76,9,10.68,10.35,1.0,64.0,76.0,1668.78,5080.88
76,10,5.76,5.58,0.0,64.0,76.0,1668.78,4976.42
76,12,5.76,5.58,0.0,64.0,76.0,1668.78,4767.52
77,1,513.88,496.38,101.0,128.0,18.0,1684.26,5916.5
77,2,300.52,290.28,51.0,96.0,46.0,1684.26,5812.05
77,3,60.74,58.67,11.0,69.0,71.0,1684.26,5707.59
77,4,95.7,92.44,16.0,73.0,68.0,1684.26,5603.14
77,5,10.68,10.32,1.0,64.0,76.0,1684.26,5498.69
77,6,20.69,19.99,3.0,65.0,75.0,1684.26,5394.24
77,8,15.77,15.23,2.0,65.0,76.0,1684.26,5185.33
77,9,5.76,5.56,0.0,64.0,76.0,1684.26,5080.88
77,10,5.76,5.56,0.0,64.0,76.0,1684.26,4976.42
77,12,5.76,5.56,0.0,64.0,76.0,1684.26,4767.52
78,1,450.53,436.56,84.0,117.0,27.0,1699.74,5916.5
78,2,305.61,296.14,52.0,97.0,46.0,1699.74,5812.05
78,3,50.73,49.16,9.0,68.0,72.0,1699.74,5707.59
78,4,130.66,126.61,22.0,76.0,65.0,1699.74,5603.14
78,5,10.68,10.35,1.0,64.0,76.0,1699.74,5498.69
78,6,25.78,24.98,4.0,66.0,74.0,1699.74,5394.24
78,8,40.72,39.46,6.0,67.0,73.0,1699.74,5185.33
78,9,5.76,5.58,0.0,64.0,76.0,1699.74,5080.88
78,10,5.76,5.58,0.0,64.0,76.0,1699.74,4976.42
78,12,5.76,5.58,0.0,64.0,76.0,1699.74,4767.52
79,1,410.48,395.36,74.0,111.0,33.0,1715.23,5916.5
79,2,290.67,279.96,49.0,95.0,47.0,1715.23,5812.05
79,3,65.66,63.24,11.0,70.0,71.0,1715.23,5707.59
79,4,165.61,159.51,27.0,80.0,61.0,1715.23,5603.14
79,5,10.68,10.29,1.0,64.0,76.0,1715.23,5498.69
79,6,30.71,29.58,5.0,67.0,74.0,1715.23,5394.24
79,7,5.76,5.55,0.0,64.0,76.0,1715.23,5289.78
79,8,30.71,29.58,5.0,67.0,74.0,1715.23,5185.33
79,9,10.68,10.29,1.0,64.0,76.0,1715.23,5080.88
79,10,5.76,5.55,0.0,64.0,76.0,1715.23,4976.42
79,12,5.76,5.55,0.0,64.0,76.0,1715.23,4767.52
79,16,5.76,5.55,0.0,64.0,76.0,1715.23,4349.71
80,1,460.54,441.41,87.0,119.0,26.0,1730.71,5916.5
80,2,295.6,283.32,50.0,96.0,47.0,1730.71,5812.05
80,3,65.66,62.93,11.0,70.0,71.0,1730.71,5707.59
80,4,130.66,125.23,21.0,76.0,65.0,1730.71,5603.14
80,5,10.68,10.24,1.0,64.0,76.0,1730.71,5498.69
80,6,25.78,24.71,4.0,66.0,74.0,1730.71,5394.24
80,7,5.76,5.52,0.0,64.0,76.0,1730.71,5289.78
80,8,20.69,19.83,3.0,65.0,75.0,1730.71,5185.33
80,9,10.68,10.24,1.0,64.0,76.0,1730.71,5080.88
80,10,5.76,5.52,0.0,64.0,76.0,1730.71,4976.42
80,12,5.76,5.52,0.0,64.0,76.0,1730.71,4767.52
80,16,5.76,5.52,0.0,64.0,76.0,1730.71,4349.71
81,1,555.4,529.75,114.0,136.0,10.0,1746.19,5916.5
81,2,280.66,267.7,47.0,94.0,49.0,1746.19,5812.05
81,3,55.65,53.08,9.0,69.0,72.0,1746.19,5707.59
81,4,80.76,77.03,13.0,71.0,70.0,1746.19,5603.14
81,5,10.68,10.19,1.0,64.0,76.0,1746.19,5498.69
81,6,20.69,19.73,3.0,65.0,75.0,1746.19,5394.24
81,7,5.76,5.49,0.0,64.0,76.0,1746.19,5289.78
81,8,15.77,15.04,2.0,65.0,75.0,1746.19,5185.33
81,9,5.76,5.49,0.0,64.0,76.0,1746.19,5080.88
81,10,5.76,5.49,0.0,64.0,76.0,1746.19,4976.42
81,12,5.76,5.49,0.0,64.0,76.0,1746.19,4767.52
81,16,5.76,5.49,0.0,64.0,76.0,1746.19,4349.71
82,1,460.54,439.9,86.0,118.0,26.0,1761.68,5916.5
82,2,300.52,287.05,51.0,96.0,46.0,1761.68,5812.05
82,3,70.75,67.58,12.0,70.0,71.0,1761.68,5707.59
82,4,130.66,124.8,21.0,76.0,65.0,1761.68,5603.14
82,5,5.76,5.5,0.0,64.0,76.0,1761.68,5498.69
82,6,25.78,24.62,4.0,66.0,75.0,1761.68,5394.24
82,7,5.76,5.5,0.0,64.0,76.0,1761.68,5289.78
82,8,30.71,29.33,5.0,66.0,74.0,1761.68,5185.33
82,9,10.68,10.2,1.0,64.0,76.0,1761.68,5080.88
82,12,5.76,5.5,0.0,64.0,76.0,1761.68,4767.52
83,1,490.57,470.43,94.0,124.0,22.0,1777.16,5916.5
83,2,290.67,278.73,49.0,95.0,48.0,1777.16,5812.05
83,3,50.73,48.65,8.0,68.0,72.0,1777.16,5707.59
83,4,130.66,125.29,21.0,76.0,65.0,1777.16,5603.14
83,5,5.76,5.52,0.0,64.0,76.0,1777.16,5498.69
83,6,20.69,19.84,3.0,65.0,75.0,1777.16,5394.24
83,7,5.76,5.52,0.0,64.0,76.0,1777.16,5289.78
83,8,25.78,24.72,4.0,66.0,75.0,1777.16,5185.33
83,9,10.68,10.24,1.0,64.0,76.0,1777.16,5080.88
83,12,5.76,5.52,0.0,64.0,76.0,1777.16,4767.52
83,16,5.76,5.52,0.0,64.0,76.0,1777.16,4349.71
84,1,435.59,421.75,80.0,115.0,30.0,1792.64,5916.5
84,2,315.62,305.59,54.0,98.0,45.0,1792.64,5812.05
84,3,55.65,53.88,9.0,69.0,72.0,1792.64,5707.59
84,4,145.75,141.12,24.0,78.0,63.0,1792.64,5603.14
84,5,10.68,10.34,1.0,64.0,76.0,1792.64,5498.69
84,6,30.71,29.73,5.0,67.0,74.0,1792.64,5394.24
84,7,5.76,5.58,0.0,64.0,76.0,1792.64,5289.78
84,8,15.77,15.27,2.0,65.0,75.0,1792.64,5185.33
84,9,5.76,5.58,0.0,64.0,76.0,1792.64,5080.88
84,12,5.76,5.58,0.0,64.0,76.0,1792.64,4767.52
84,16,5.76,5.58,0.0,64.0,76.0,1792.64,4349.71
85,1,507.15,483.21,99.0,127.0,19.0,1808.13,5916.5
85,2,290.67,276.95,49.0,95.0,47.0,1808.13,5812.05
85,3,60.74,57.87,10.0,69.0,72.0,1808.13,5707.59
85,4,115.72,110.26,19.0,75.0,66.0,1808.13,5603.14
85,5,10.68,10.18,1.0,64.0,76.0,1808.13,5498.69
85,6,25.78,24.56,4.0,66.0,75.0,1808.13,5394.24
85,7,5.76,5.49,0.0,64.0,76.0,1808.13,5289.78
85,8,15.77,15.03,2.0,65.0,76.0,1808.13,5185.33
85,9,5.76,5.49,0.0,64.0,76.0,1808.13,5080.88
85,12,5.76,5.49,0.0,64.0,76.0,1808.13,4767.52
85,16,5.76,5.49,0.0,64.0,76.0,1808.13,4349.71
86,1,490.57,475.22,94.0,124.0,22.0,1823.61,5916.5
86,2,290.67,281.58,50.0,95.0,47.0,1823.61,5812.05
86,3,60.74,58.84,10.0,69.0,72.0,1823.61,5707.59
86,4,115.72,112.1,19.0,75.0,66.0,1823.61,5603.14
86,5,5.76,5.58,0.0,64.0,76.0,1823.61,5498.69
86,6,25.78,24.97,4.0,66.0,74.0,1823.61,5394.24
86,7,5.76,5.58,0.0,64.0,76.0,1823.61,5289.78
86,8,25.78,24.97,4.0,66.0,75.0,1823.61,5185.33
86,9,5.76,5.58,0.0,64.0,76.0,1823.61,5080.88
86,12,5.76,5.58,0.0,64.0,76.0,1823.61,4767.52
87,1,447.24,428.2,83.0,117.0,28.0,1839.1,5916.5
87,2,305.61,292.6,52.0,97.0,46.0,1839.1,5812.05
87,3,50.73,48.57,8.0,68.0,73.0,1839.1,5707.59
87,4,145.75,139.55,24.0,78.0,63.0,1839.1,5603.14
87,5,10.68,10.23,2.0,64.0,76.0,1839.1,5498.69
87,6,25.78,24.68,4.0,66.0,75.0,1839.1,5394.24
87,7,5.76,5.51,0.0,64.0,76.0,1839.1,5289.78
87,8,30.71,29.4,5.0,66.0,74.0,1839.1,5185.33
87,9,10.68,10.23,1.0,64.0,76.0,1839.1,5080.88
87,10,5.76,5.51,0.0,64.0,76.0,1839.1,4976.42
87,12,5.76,5.51,0.0,64.0,76.0,1839.1,4767.52
88,1,470.55,451.59,89.0,121.0,24.0,1854.58,5916.5
88,2,305.61,293.29,52.0,97.0,46.0,1854.58,5812.05
88,3,40.72,39.08,6.0,67.0,74.0,1854.58,5707.59
88,4,140.67,135.0,23.0,78.0,64.0,1854.58,5603.14
88,5,10.68,10.25,1.0,64.0,76.0,1854.58,5498.69
88,6,25.78,24.74,4.0,66.0,75.0,1854.58,5394.24
88,8,25.78,24.74,4.0,66.0,75.0,1854.58,5185.33
88,9,5.76,5.53,0.0,64.0,76.0,1854.58,5080.88
88,10,5.76,5.53,0.0,64.0,76.0,1854.58,4976.42
88,12,10.68,10.25,1.0,64.0,76.0,1854.58,4767.52
89,1,513.88,493.95,101.0,128.0,18.0,1870.06,5916.5
89,2,305.61,293.76,52.0,97.0,46.0,1870.06,5812.05
89,3,65.66,63.11,11.0,70.0,71.0,1870.06,5707.59
89,4,90.77,87.25,15.0,72.0,68.0,1870.06,5603.14
89,5,10.68,10.27,1.0,64.0,76.0,1870.06,5498.69
89,6,15.77,15.16,2.0,65.0,75.0,1870.06,5394.24
89,8,15.77,15.16,2.0,65.0,76.0,1870.06,5185.33
89,9,5.76,5.54,0.0,64.0,76.0,1870.06,5080.88
89,10,5.76,5.54,0.0,64.0,76.0,1870.06,4976.42
89,12,10.68,10.27,1.0,64.0,76.0,1870.06,4767.52
90,1,533.9,515.98,107.0,132.0,14.0,1885.55,5916.5
90,2,290.67,280.91,49.0,95.0,48.0,1885.55,5812.05
90,3,60.74,58.7,10.0,69.0,71.0,1885.55,5707.59
90,4,90.77,87.72,15.0,72.0,69.0,1885.55,5603.14
90,5,5.76,5.57,0.0,64.0,76.0,1885.55,5498.69
90,6,15.77,15.24,2.0,65.0,76.0,1885.55,5394.24
90,8,20.69,20.0,3.0,65.0,75.0,1885.55,5185.33
90,9,5.76,5.57,0.0,64.0,76.0,1885.55,5080.88
90,12,10.68,10.32,1.0,64.0,76.0,1885.55,4767.52
91,1,395.55,385.76,71.0,109.0,35.0,1901.03,5916.5
91,2,350.58,341.9,61.0,102.0,41.0,1901.03,5812.05
91,3,55.65,54.27,9.0,69.0,72.0,1901.03,5707.59
91,4,150.68,146.95,25.0,79.0,62.0,1901.03,5603.14
91,5,10.68,10.42,1.0,64.0,76.0,1901.03,5498.69
91,6,25.78,25.14,4.0,66.0,75.0,1901.03,5394.24
91,8,30.71,29.95,5.0,67.0,74.0,1901.03,5185.33
91,9,5.76,5.62,0.0,64.0,76.0,1901.03,5080.88
92,1,485.48,468.59,93.0,123.0,22.0,1916.51,5916.5
92,2,295.6,285.31,50.0,96.0,47.0,1916.51,5812.05
92,3,55.65,53.71,9.0,69.0,72.0,1916.51,5707.59
92,4,120.64,116.44,20.0,76.0,66.0,1916.51,5603.14
92,5,15.77,15.22,2.0,65.0,76.0,1916.51,5498.69
92,6,25.78,24.88,4.0,66.0,75.0,1916.51,5394.24
92,8,20.69,19.97,3.0,65.0,75.0,1916.51,5185.33
92,9,10.68,10.31,1.0,64.0,76.0,1916.51,5080.88
92,10,5.76,5.56,0.0,64.0,76.0,1916.51,4976.42
93,1,490.57,470.5,95.0,124.0,21.0,1932.0,5916.5
93,2,300.52,288.22,51.0,96.0,47.0,1932.0,5812.05
93,3,65.66,62.97,11.0,70.0,71.0,1932.0,5707.59
93,4,100.79,96.67,17.0,74.0,67.0,1932.0,5603.14
93,5,15.77,15.12,2.0,65.0,76.0,1932.0,5498.69
93,6,30.71,29.45,5.0,66.0,74.0,1932.0,5394.24
93,7,5.76,5.52,0.0,64.0,76.0,1932.0,5289.78
93,8,10.68,10.24,1.0,64.0,76.0,1932.0,5185.33
93,9,10.68,10.24,1.0,64.0,76.0,1932.0,5080.88
93,10,5.76,5.52,0.0,64.0,76.0,1932.0,4976.42
93,12,5.76,5.52,0.0,64.0,76.0,1932.0,4767.52
94,1,470.55,447.01,89.0,121.0,24.0,1947.48,5916.5
94,2,305.61,290.32,52.0,97.0,46.0,1947.48,5812.05
94,3,70.75,67.21,12.0,70.0,70.0,1947.48,5707.59
94,4,130.66,124.12,21.0,76.0,65.0,1947.48,5603.14
94,5,10.68,10.15,1.0,64.0,76.0,1947.48,5498.69
94,6,20.69,19.65,3.0,65.0,75.0,1947.48,5394.24
94,7,5.76,5.47,0.0,64.0,76.0,1947.48,5289.78
94,8,15.77,14.98,2.0,65.0,75.0,1947.48,5185.33
94,9,10.68,10.15,1.0,64.0,76.0,1947.48,5080.88
94,10,5.76,5.47,0.0,64.0,76.0,1947.48,4976.42
94,12,5.76,5.47,0.0,64.0,76.0,1947.48,4767.52
95,1,445.6,423.31,83.0,116.0,28.0,1962.97,5916.5
95,2,315.62,299.83,54.0,98.0,45.0,1962.97,5812.05
95,3,55.65,52.87,9.0,69.0,72.0,1962.97,5707.59
95,4,160.69,152.65,26.0,79.0,62.0,1962.97,5603.14
95,5,10.68,10.15,1.0,64.0,76.0,1962.97,5498.69
95,6,20.69,19.65,3.0,65.0,75.0,1962.97,5394.24
95,7,5.76,5.47,0.0,64.0,76.0,1962.97,5289.78
95,8,15.77,14.98,2.0,65.0,75.0,1962.97,5185.33
95,9,10.68,10.15,1.0,64.0,76.0,1962.97,5080.88
95,10,5.76,5.47,0.0,64.0,76.0,1962.97,4976.42
95,12,5.76,5.47,0.0,64.0,76.0,1962.97,4767.52
96,1,500.58,480.49,97.0,125.0,20.0,1978.45,5916.5
96,2,300.52,288.46,51.0,96.0,47.0,1978.45,5812.05
96,3,40.72,39.09,6.0,67.0,73.0,1978.45,5707.59
96,4,130.66,125.42,22.0,76.0,65.0,1978.45,5603.14
96,5,10.68,10.25,2.0,64.0,76.0,1978.45,5498.69
96,6,20.69,19.86,3.0,65.0,75.0,1978.45,5394.24
96,8,20.69,19.86,3.0,65.0,75.0,1978.45,5185.33
96,10,5.76,5.53,0.0,64.0,76.0,1978.45,4976.42
96,15,5.76,5.53,0.0,64.0,76.0,1978.45,4454.16
96,16,5.76,5.53,0.0,64.0,76.0,1978.45,4349.71
97,1,527.17,501.56,105.0,131.0,15.0,1993.93,5916.5
97,2,315.62,300.29,54.0,98.0,45.0,1993.93,5812.05
97,3,50.73,48.27,8.0,68.0,72.0,1993.93,5707.59
97,4,80.76,76.84,14.0,71.0,69.0,1993.93,5603.14
97,5,5.76,5.48,0.0,64.0,76.0,1993.93,5498.69
97,6,25.78,24.53,4.0,66.0,75.0,1993.93,5394.24
97,7,5.76,5.48,0.0,64.0,76.0,1993.93,5289.78
97,8,10.68,10.16,1.0,64.0,76.0,1993.93,5185.33
97,9,5.76,5.48,0.0,64.0,76.0,1993.93,5080.88
97,10,5.76,5.48,0.0,64.0,76.0,1993.93,4976.42
97,12,5.76,5.48,0.0,64.0,76.0,1993.93,4767.52
97,15,5.76,5.48,0.0,64.0,76.0,1993.93,4454.16
97,16,5.76,5.48,0.0,64.0,76.0,1993.93,4349.71
98,1,490.57,467.62,94.0,124.0,22.0,2009.42,5916.5
98,2,340.56,324.63,59.0,101.0,42.0,2009.42,5812.05
98,3,30.71,29.27,5.0,67.0,74.0,2009.42,5707.59
98,4,110.63,105.45,18.0,74.0,67.0,2009.42,5603.14
98,5,10.68,10.18,1.0,64.0,76.0,2009.42,5498.69
98,6,15.77,15.03,2.0,65.0,75.0,2009.42,5394.24
98,7,10.68,10.18,1.0,64.0,76.0,2009.42,5289.78
98,8,5.76,5.49,0.0,64.0,76.0,2009.42,5185.33
98,9,10.68,10.18,1.0,64.0,76.0,2009.42,5080.88
98,10,5.76,5.49,0.0,64.0,76.0,2009.42,4976.42
98,12,5.76,5.49,0.0,64.0,76.0,2009.42,4767.52
98,15,5.76,5.49,0.0,64.0,76.0,2009.42,4454.16
98,16,5.76,5.49,0.0,64.0,76.0,2009.42,4349.71
99,1,460.54,443.87,87.0,119.0,26.0,2024.9,5916.5
99,2,315.62,304.19,54.0,98.0,45.0,2024.9,5812.05
99,3,70.75,68.19,12.0,70.0,70.0,2024.9,5707.59
99,4,120.64,116.27,20.0,76.0,65.0,2024.9,5603.14
99,5,10.68,10.29,1.0,64.0,76.0,2024.9,5498.69
99,6,20.69,19.94,3.0,65.0,75.0,2024.9,5394.24
99,7,10.68,10.29,1.0,64.0,76.0,2024.9,5289.78
99,8,10.68,10.29,1.0,64.0,76.0,2024.9,5185.33
99,9,5.76,5.55,0.0,64.0,76.0,2024.9,5080.88
99,10,5.76,5.55,0.0,64.0,76.0,2024.9,4976.42
99,12,5.76,5.55,0.0,64.0,76.0,2024.9,4767.52
100,1,435.59,413.8,80.0,115.0,30.0,2040.38,5916.5
100,2,320.54,304.51,55.0,98.0,44.0,2040.38,5812.05
100,3,65.66,62.38,11.0,70.0,71.0,2040.38,5707.59
100,4,145.75,138.46,24.0,78.0,63.0,2040.38,5603.14
100,5,10.68,10.15,1.0,64.0,76.0,2040.38,5498.69
100,6,25.78,24.49,4.0,66.0,75.0,2040.38,5394.24
100,7,10.68,10.15,1.0,64.0,76.0,2040.38,5289.78
100,8,20.69,19.66,3.0,65.0,75.0,2040.38,5185.33
100,9,5.76,5.47,0.0,64.0,76.0,2040.38,5080.88
100,10,5.76,5.47,0.0,64.0,76.0,2040.38,4976.42
100,12,5.76,5.47,0.0,64.0,76.0,2040.38,4767.52
101,1,495.49,475.15,96.0,125.0,21.0,2055.87,5916.5
101,2,330.55,316.98,57.0,100.0,43.0,2055.87,5812.05
101,3,60.74,58.25,11.0,69.0,71.0,2055.87,5707.59
101,4,90.77,87.04,15.0,72.0,69.0,2055.87,5603.14
101,5,5.76,5.52,0.0,64.0,76.0,2055.87,5498.69
101,6,25.78,24.72,4.0,66.0,75.0,2055.87,5394.24
101,7,5.76,5.52,0.0,64.0,76.0,2055.87,5289.78
101,8,10.68,10.24,1.0,64.0,76.0,2055.87,5185.33
101,9,5.76,5.52,0.0,64.0,76.0,2055.87,5080.88
101,10,5.76,5.52,0.0,64.0,76.0,2055.87,4976.42
101,12,5.76,5.52,0.0,64.0,76.0,2055.87,4767.52
102,1,537.18,514.4,108.0,132.0,14.0,2071.35,5916.5
102,2,280.66,268.76,47.0,94.0,49.0,2071.35,5812.05
102,3,55.65,53.29,9.0,69.0,72.0,2071.35,5707.59
102,4,110.63,105.94,18.0,74.0,67.0,2071.35,5603.14
102,5,10.68,10.23,1.0,64.0,76.0,2071.35,5498.69
102,6,20.69,19.81,3.0,65.0,75.0,2071.35,5394.24
102,7,5.76,5.52,0.0,64.0,76.0,2071.35,5289.78
102,8,5.76,5.52,0.0,64.0,76.0,2071.35,5185.33
102,9,5.76,5.52,0.0,64.0,76.0,2071.35,5080.88
102,12,5.76,5.52,0.0,64.0,76.0,2071.35,4767.52
102,30,5.76,5.52,0.0,64.0,76.0,2071.35,2887.37
103,1,513.88,496.38,101.0,128.0,18.0,2086.83,5916.5
103,2,310.53,299.96,53.0,97.0,45.0,2086.83,5812.05
103,3,45.8,44.24,7.0,68.0,73.0,2086.83,5707.59
103,4,110.63,106.86,18.0,74.0,67.0,2086.83,5603.14
103,5,15.77,15.23,2.0,65.0,76.0,2086.83,5498.69
103,6,10.68,10.32,2.0,64.0,76.0,2086.83,5394.24
103,7,5.76,5.56,0.0,64.0,76.0,2086.83,5289.78
103,8,10.68,10.32,1.0,64.0,76.0,2086.83,5185.33
103,9,5.76,5.56,0.0,64.0,76.0,2086.83,5080.88
103,30,5.76,5.56,0.0,64.0,76.0,2086.83,2887.37
104,1,513.88,493.56,101.0,128.0,18.0,2102.32,5916.5
104,2,290.67,279.17,50.0,95.0,47.0,2102.32,5812.05
104,3,50.73,48.72,8.0,68.0,72.0,2102.32,5707.59
104,4,110.63,106.25,18.0,74.0,67.0,2102.32,5603.14
104,5,10.68,10.26,1.0,64.0,76.0,2102.32,5498.69
104,6,25.78,24.76,4.0,66.0,75.0,2102.32,5394.24
104,7,5.76,5.53,0.0,64.0,76.0,2102.32,5289.78
104,8,15.77,15.15,2.0,65.0,75.0,2102.32,5185.33
104,9,5.76,5.53,0.0,64.0,76.0,2102.32,5080.88
104,10,5.76,5.53,0.0,64.0,76.0,2102.32,4976.42
104,30,5.76,5.53,0.0,64.0,76.0,2102.32,2887.37
105,1,470.55,453.81,89.0,120.0,25.0,2117.8,5916.5
105,2,340.56,328.44,59.0,101.0,42.0,2117.8,5812.05
105,3,50.73,48.93,8.0,68.0,73.0,2117.8,5707.59
105,4,110.63,106.69,18.0,74.0,67.0,2117.8,5603.14
105,5,10.68,10.3,2.0,64.0,76.0,2117.8,5498.69
105,6,25.78,24.86,4.0,66.0,75.0,2117.8,5394.24
105,7,5.76,5.56,0.0,64.0,76.0,2117.8,5289.78
105,8,10.68,10.3,2.0,64.0,76.0,2117.8,5185.33
105,9,5.76,5.56,0.0,64.0,76.0,2117.8,5080.88
105,10,5.76,5.56,0.0,64.0,76.0,2117.8,4976.42
106,1,547.19,527.14,111.0,134.0,12.0,2133.29,5916.5
106,2,290.67,280.02,49.0,94.0,48.0,2133.29,5812.05
106,3,50.73,48.87,9.0,68.0,72.0,2133.29,5707.59
106,4,100.79,97.1,17.0,73.0,68.0,2133.29,5603.14
106,5,10.68,10.29,1.0,64.0,76.0,2133.29,5498.69
106,6,15.77,15.19,2.0,65.0,76.0,2133.29,5394.24
106,8,10.68,10.29,1.0,64.0,76.0,2133.29,5185.33
106,9,5.76,5.55,0.0,64.0,76.0,2133.29,5080.88
106,10,5.76,5.55,0.0,64.0,76.0,2133.29,4976.42
107,1,490.57,476.07,94.0,124.0,22.0,2148.77,5916.5
107,2,315.62,306.29,54.0,98.0,45.0,2148.77,5812.05
107,3,50.73,49.23,9.0,68.0,72.0,2148.77,5707.59
107,4,120.64,117.07,20.0,76.0,66.0,2148.77,5603.14
107,5,10.68,10.36,1.0,64.0,76.0,2148.77,5498.69
107,6,20.69,20.08,3.0,65.0,75.0,2148.77,5394.24
107,8,15.77,15.3,2.0,65.0,76.0,2148.77,5185.33
107,9,5.76,5.59,0.0,64.0,76.0,2148.77,5080.88
108,1,460.54,446.93,86.0,118.0,26.0,2164.25,5916.5
108,2,340.56,330.49,59.0,101.0,42.0,2164.25,5812.05
108,3,45.8,44.45,7.0,68.0,73.0,2164.25,5707.59
108,4,130.66,126.8,22.0,76.0,65.0,2164.25,5603.14
108,5,10.68,10.36,1.0,64.0,76.0,2164.25,5498.69
108,6,25.78,25.02,4.0,66.0,75.0,2164.25,5394.24
108,8,10.68,10.36,1.0,64.0,76.0,2164.25,5185.33
108,9,5.76,5.59,0.0,64.0,76.0,2164.25,5080.88
109,1,517.16,498.22,102.0,129.0,17.0,2179.74,5916.5
109,2,345.65,332.99,60.0,102.0,41.0,2179.74,5812.05
109,3,45.8,44.12,7.0,68.0,73.0,2179.74,5707.59
109,4,80.76,77.8,13.0,71.0,70.0,2179.74,5603.14
109,5,5.76,5.55,0.0,64.0,76.0,2179.74,5498.69
109,6,15.77,15.19,2.0,65.0,75.0,2179.74,5394.24
109,7,5.76,5.55,0.0,64.0,76.0,2179.74,5289.78
109,8,10.68,10.29,1.0,64.0,76.0,2179.74,5185.33
109,9,10.68,10.29,1.0,64.0,76.0,2179.74,5080.88
110,1,547.19,526.81,111.0,134.0,12.0,2195.22,5916.5
110,2,290.67,279.84,49.0,94.0,48.0,2195.22,5812.05
110,3,55.65,53.58,9.0,69.0,72.0,2195.22,5707.59
110,4,80.76,77.75,13.0,71.0,70.0,2195.22,5603.14
110,5,10.68,10.28,2.0,64.0,76.0,2195.22,5498.69
110,6,25.78,24.82,4.0,66.0,75.0,2195.22,5394.24
110,7,5.76,5.55,0.0,64.0,76.0,2195.22,5289.78
110,8,10.68,10.28,1.0,64.0,76.0,2195.22,5185.33
110,9,5.76,5.55,0.0,64.0,76.0,2195.22,5080.88
110,16,5.76,5.55,0.0,64.0,76.0,2195.22,4349.71
111,1,485.48,468.21,93.0,123.0,22.0,2210.7,5916.5
111,2,340.56,328.44,59.0,101.0,42.0,2210.7,5812.05
111,3,55.65,53.67,9.0,69.0,72.0,2210.7,5707.59
111,4,100.79,97.2,17.0,74.0,67.0,2210.7,5603.14
111,5,10.68,10.3,1.0,64.0,76.0,2210.7,5498.69
111,6,15.77,15.21,2.0,65.0,76.0,2210.7,5394.24
111,7,5.76,5.56,0.0,64.0,76.0,2210.7,5289.78
111,8,10.68,10.3,1.0,64.0,76.0,2210.7,5185.33
111,9,5.76,5.56,0.0,64.0,76.0,2210.7,5080.88
111,16,5.76,5.56,0.0,64.0,76.0,2210.7,4349.71
112,1,470.55,451.59,89.0,121.0,24.0,2226.19,5916.5
112,2,345.65,331.72,60.0,102.0,41.0,2226.19,5812.05
112,3,60.74,58.29,10.0,69.0,72.0,2226.19,5707.59
112,4,110.63,106.17,19.0,74.0,66.0,2226.19,5603.14
112,5,5.76,5.53,0.0,64.0,76.0,2226.19,5498.69
112,6,20.69,19.86,3.0,65.0,75.0,2226.19,5394.24
112,7,5.76,5.53,0.0,64.0,76.0,2226.19,5289.78
112,8,10.68,10.25,1.0,64.0,76.0,2226.19,5185.33
112,9,5.76,5.53,0.0,64.0,76.0,2226.19,5080.88
112,16,5.76,5.53,0.0,64.0,76.0,2226.19,4349.71
113,1,530.45,516.99,106.0,131.0,15.0,2241.67,5916.5
113,2,310.53,302.65,53.0,97.0,45.0,2241.67,5812.05
113,3,60.74,59.2,10.0,69.0,72.0,2241.67,5707.59
113,4,70.75,68.95,12.0,70.0,70.0,2241.67,5603.14
113,5,10.68,10.41,1.0,64.0,76.0,2241.67,5498.69
113,6,20.69,20.16,3.0,65.0,75.0,2241.67,5394.24
113,7,5.76,5.61,0.0,64.0,76.0,2241.67,5289.78
113,8,10.68,10.41,1.0,64.0,76.0,2241.67,5185.33
113,16,5.76,5.61,0.0,64.0,76.0,2241.67,4349.71
114,1,570.5,544.85,118.0,137.0,8.0,2257.16,5916.5
114,2,290.67,277.6,50.0,95.0,47.0,2257.16,5812.05
114,3,50.73,48.45,8.0,68.0,73.0,2257.16,5707.59
114,4,80.76,77.13,13.0,71.0,70.0,2257.16,5603.14
114,5,5.76,5.5,0.0,64.0,76.0,2257.16,5498.69
114,6,15.77,15.06,2.0,65.0,76.0,2257.16,5394.24
114,7,10.68,10.2,1.0,64.0,76.0,2257.16,5289.78
114,8,10.68,10.2,1.0,64.0,76.0,2257.16,5185.33
114,16,5.76,5.5,0.0,64.0,76.0,2257.16,4349.71
114,25,5.76,5.5,0.0,64.0,76.0,2257.16,3409.63
115,1,485.48,465.32,93.0,123.0,22.0,2272.64,5916.5
115,2,330.55,316.83,57.0,100.0,43.0,2272.64,5812.05
115,3,50.73,48.62,8.0,68.0,72.0,2272.64,5707.59
115,4,110.63,106.04,19.0,74.0,66.0,2272.64,5603.14
115,5,5.76,5.52,0.0,64.0,76.0,2272.64,5498.69
115,6,20.69,19.83,3.0,65.0,75.0,2272.64,5394.24
115,7,5.76,5.52,0.0,64.0,76.0,2272.64,5289.78
115,8,10.68,10.24,1.0,64.0,76.0,2272.64,5185.33
115,9,5.76,5.52,0.0,64.0,76.0,2272.64,5080.88
115,10,5.76,5.52,0.0,64.0,76.0,2272.64,4976.42
115,16,5.76,5.52,0.0,64.0,76.0,2272.64,4349.71
115,25,5.76,5.52,0.0,64.0,76.0,2272.64,3409.63
116,1,470.55,447.01,89.0,121.0,24.0,2288.12,5916.5
116,2,345.65,328.36,60.0,102.0,41.0,2288.12,5812.05
116,3,50.73,48.19,8.0,68.0,72.0,2288.12,5707.59
116,4,130.66,124.12,21.0,76.0,65.0,2288.12,5603.14
116,5,10.68,10.15,1.0,64.0,76.0,2288.12,5498.69
116,6,10.68,10.15,1.0,64.0,76.0,2288.12,5394.24
116,7,5.76,5.47,0.0,64.0,76.0,2288.12,5289.78
116,8,10.68,10.15,1.0,64.0,76.0,2288.12,5185.33
116,9,5.76,5.47,0.0,64.0,76.0,2288.12,5080.88
116,10,5.76,5.47,0.0,64.0,76.0,2288.12,4976.42
116,25,5.76,5.47,0.0,64.0,76.0,2288.12,3409.63
117,1,503.86,484.4,98.0,126.0,19.0,2303.61,5916.5
117,2,300.52,288.91,51.0,96.0,47.0,2303.61,5812.05
117,3,65.66,63.12,11.0,70.0,71.0,2303.61,5707.59
117,4,110.63,106.36,18.0,74.0,67.0,2303.61,5603.14
117,5,10.68,10.27,1.0,64.0,76.0,2303.61,5498.69
117,6,15.77,15.16,2.0,65.0,76.0,2303.61,5394.24
117,7,5.76,5.54,0.0,64.0,76.0,2303.61,5289.78
117,8,15.77,15.16,2.0,65.0,75.0,2303.61,5185.33
117,9,5.76,5.54,0.0,64.0,76.0,2303.61,5080.88
117,10,5.76,5.54,0.0,64.0,76.0,2303.61,4976.42
118,1,537.18,522.54,108.0,132.0,14.0,2319.09,5916.5
118,2,290.67,282.75,50.0,95.0,47.0,2319.09,5812.05
118,3,90.77,88.3,15.0,72.0,69.0,2319.09,5707.59
118,4,60.74,59.09,10.0,69.0,71.0,2319.09,5603.14
118,5,10.68,10.39,1.0,64.0,76.0,2319.09,5498.69
118,6,15.77,15.34,2.0,65.0,75.0,2319.09,5394.24
118,7,5.76,5.6,0.0,64.0,76.0,2319.09,5289.78
118,8,10.68,10.39,1.0,64.0,76.0,2319.09,5185.33
118,12,5.76,5.6,0.0,64.0,76.0,2319.09,4767.52
119,1,500.58,480.72,97.0,126.0,20.0,2334.57,5916.5
119,2,315.62,303.1,54.0,98.0,45.0,2334.57,5812.05
119,3,50.73,48.72,8.0,68.0,72.0,2334.57,5707.59
119,4,115.72,111.13,19.0,75.0,66.0,2334.57,5603.14
119,5,10.68,10.26,1.0,64.0,76.0,2334.57,5498.69
119,6,25.78,24.76,4.0,66.0,75.0,2334.57,5394.24
119,8,10.68,10.26,1.0,64.0,76.0,2334.57,5185.33
119,9,5.76,5.53,0.0,64.0,76.0,2334.57,5080.88
119,12,5.76,5.53,0.0,64.0,76.0,2334.57,4767.52
120,1,420.49,407.46,77.0,113.0,31.0,2350.06,5916.5
120,2,370.6,359.12,65.0,105.0,38.0,2350.06,5812.05
120,3,50.73,49.16,9.0,68.0,72.0,2350.06,5707.59
120,4,120.64,116.9,20.0,76.0,65.0,2350.06,5603.14
120,5,15.77,15.28,2.0,65.0,76.0,2350.06,5498.69
120,6,25.78,24.98,4.0,66.0,75.0,2350.06,5394.24
120,7,5.76,5.58,0.0,64.0,76.0,2350.06,5289.78
120,8,10.68,10.35,2.0,64.0,76.0,2350.06,5185.33
120,9,5.76,5.58,0.0,64.0,76.0,2350.06,5080.88
120,12,5.76,5.58,0.0,64.0,76.0,2350.06,4767.52
121,1,440.51,427.22,82.0,116.0,29.0,2365.54,5916.5
121,2,355.5,344.77,62.0,103.0,40.0,2365.54,5812.05
121,3,80.76,78.32,14.0,71.0,69.0,2365.54,5707.59
121,4,90.77,88.03,15.0,72.0,69.0,2365.54,5603.14
121,5,10.68,10.36,1.0,64.0,76.0,2365.54,5498.69
121,6,25.78,25.0,4.0,66.0,75.0,2365.54,5394.24
121,7,10.68,10.36,1.0,64.0,76.0,2365.54,5289.78
121,8,10.68,10.36,1.0,64.0,76.0,2365.54,5185.33
121,9,5.76,5.59,0.0,64.0,76.0,2365.54,5080.88
122,1,495.49,478.17,96.0,125.0,20.0,2381.02,5916.5
122,2,350.58,338.33,61.0,102.0,41.0,2381.02,5812.05
122,3,65.66,63.36,11.0,70.0,71.0,2381.02,5707.59
122,4,60.74,58.62,10.0,69.0,72.0,2381.02,5603.14
122,5,15.77,15.22,2.0,65.0,76.0,2381.02,5498.69
122,6,25.78,24.88,4.0,66.0,75.0,2381.02,5394.24
122,7,5.76,5.56,0.0,64.0,76.0,2381.02,5289.78
122,8,10.68,10.31,1.0,64.0,76.0,2381.02,5185.33
122,9,5.76,5.56,0.0,64.0,76.0,2381.02,5080.88
123,1,560.49,543.47,115.0,136.0,10.0,2396.51,5916.5
123,2,320.54,310.81,55.0,99.0,44.0,2396.51,5812.05
123,3,40.72,39.48,7.0,67.0,73.0,2396.51,5707.59
123,4,60.74,58.9,11.0,69.0,71.0,2396.51,5603.14
123,5,15.77,15.29,2.0,65.0,76.0,2396.51,5498.69
123,6,15.77,15.29,2.0,65.0,76.0,2396.51,5394.24
123,7,5.76,5.59,0.0,64.0,76.0,2396.51,5289.78
123,8,5.76,5.59,0.0,64.0,76.0,2396.51,5185.33
123,9,5.76,5.59,0.0,64.0,76.0,2396.51,5080.88
124,1,537.18,517.59,108.0,132.0,14.0,2411.99,5916.5
124,2,330.55,318.49,57.0,100.0,43.0,2411.99,5812.05
124,3,45.8,44.13,7.0,68.0,73.0,2411.99,5707.59
124,4,80.76,77.81,13.0,71.0,70.0,2411.99,5603.14
124,5,10.68,10.29,1.0,64.0,76.0,2411.99,5498.69
124,6,10.68,10.29,1.0,64.0,76.0,2411.99,5394.24
124,7,5.76,5.55,0.0,64.0,76.0,2411.99,5289.78
124,8,10.68,10.29,1.0,64.0,76.0,2411.99,5185.33
124,9,5.76,5.55,0.0,64.0,76.0,2411.99,5080.88
125,1,485.48,470.82,93.0,123.0,22.0,2427.48,5916.5
125,2,330.55,320.57,58.0,100.0,43.0,2427.48,5812.05
125,3,60.74,58.91,11.0,69.0,71.0,2427.48,5707.59
125,4,95.7,92.81,16.0,73.0,68.0,2427.48,5603.14
125,5,10.68,10.36,1.0,64.0,76.0,2427.48,5498.69
125,6,20.69,20.07,3.0,65.0,75.0,2427.48,5394.24
125,7,5.76,5.59,0.0,64.0,76.0,2427.48,5289.78
125,8,15.77,15.29,2.0,65.0,76.0,2427.48,5185.33
125,9,5.76,5.59,0.0,64.0,76.0,2427.48,5080.88
126,1,520.44,502.33,103.0,129.0,17.0,2442.96,5916.5
126,2,330.55,319.05,57.0,100.0,43.0,2442.96,5812.05
126,3,50.73,48.96,8.0,68.0,73.0,2442.96,5707.59
126,4,80.76,77.95,13.0,71.0,70.0,2442.96,5603.14
126,5,5.76,5.56,0.0,64.0,76.0,2442.96,5498.69
126,6,15.77,15.22,2.0,65.0,75.0,2442.96,5394.24
126,7,10.68,10.31,1.0,64.0,76.0,2442.96,5289.78
126,8,10.68,10.31,1.0,64.0,76.0,2442.96,5185.33
126,9,10.68,10.31,1.0,64.0,76.0,2442.96,5080.88
127,1,507.15,486.42,99.0,127.0,19.0,2458.44,5916.5
127,2,355.5,340.97,62.0,103.0,40.0,2458.44,5812.05
127,3,55.65,53.38,9.0,69.0,72.0,2458.44,5707.59
127,4,70.75,67.86,12.0,70.0,71.0,2458.44,5603.14
127,5,10.68,10.24,1.0,64.0,76.0,2458.44,5498.69
127,6,15.77,15.13,2.0,65.0,75.0,2458.44,5394.24
127,7,10.68,10.24,1.0,64.0,76.0,2458.44,5289.78
127,8,5.76,5.52,0.0,64.0,76.0,2458.44,5185.33
127,9,10.68,10.24,1.0,64.0,76.0,2458.44,5080.88
128,1,470.55,454.17,89.0,120.0,25.0,2473.93,5916.5
128,2,355.5,343.13,62.0,103.0,40.0,2473.93,5812.05
128,3,60.74,58.63,11.0,69.0,71.0,2473.93,5707.59
128,4,95.7,92.37,16.0,73.0,68.0,2473.93,5603.14
128,5,5.76,5.56,0.0,64.0,76.0,2473.93,5498.69
128,6,20.69,19.97,3.0,65.0,75.0,2473.93,5394.24
128,7,5.76,5.56,0.0,64.0,76.0,2473.93,5289.78
128,8,10.68,10.31,1.0,64.0,76.0,2473.93,5185.33
128,9,10.68,10.31,1.0,64.0,76.0,2473.93,5080.88
129,1,440.51,429.54,81.0,116.0,29.0,2489.41,5916.5
129,2,330.55,322.32,58.0,100.0,43.0,2489.41,5812.05
129,3,80.76,78.75,13.0,71.0,70.0,2489.41,5707.59
129,4,115.72,112.84,19.0,75.0,66.0,2489.41,5603.14
129,5,10.68,10.41,1.0,64.0,76.0,2489.41,5498.69
129,6,25.78,25.14,4.0,66.0,74.0,2489.41,5394.24
129,7,5.76,5.62,0.0,64.0,76.0,2489.41,5289.78
129,8,15.77,15.38,2.0,65.0,76.0,2489.41,5185.33
130,1,523.89,508.47,104.0,130.0,16.0,2504.89,5916.5
130,2,315.62,306.33,54.0,98.0,45.0,2504.89,5812.05
130,3,70.75,68.67,12.0,70.0,70.0,2504.89,5707.59
130,4,55.65,54.01,9.0,69.0,72.0,2504.89,5603.14
130,5,15.77,15.31,2.0,65.0,76.0,2504.89,5498.69
130,6,20.69,20.08,3.0,65.0,75.0,2504.89,5394.24
130,7,5.76,5.59,0.0,64.0,76.0,2504.89,5289.78
130,8,10.68,10.37,2.0,64.0,76.0,2504.89,5185.33
130,9,5.76,5.59,0.0,64.0,76.0,2504.89,5080.88
130,12,5.76,5.59,0.0,64.0,76.0,2504.89,4767.52
131,1,527.17,502.77,105.0,130.0,16.0,2520.38,5916.5
131,2,310.53,296.15,53.0,97.0,45.0,2520.38,5812.05
131,3,65.66,62.62,11.0,70.0,71.0,2520.38,5707.59
131,4,70.75,67.47,12.0,70.0,71.0,2520.38,5603.14
131,5,15.77,15.04,2.0,65.0,76.0,2520.38,5498.69
131,6,25.78,24.59,4.0,66.0,75.0,2520.38,5394.24
131,7,10.68,10.19,1.0,64.0,76.0,2520.38,5289.78
131,8,10.68,10.19,1.0,64.0,76.0,2520.38,5185.33
131,9,5.76,5.49,0.0,64.0,76.0,2520.38,5080.88
131,12,5.76,5.49,0.0,64.0,76.0,2520.38,4767.52
132,1,517.16,495.54,102.0,129.0,17.0,2535.86,5916.5
132,2,340.56,326.33,59.0,101.0,42.0,2535.86,5812.05
132,3,60.74,58.2,10.0,69.0,71.0,2535.86,5707.59
132,4,70.75,67.79,12.0,70.0,70.0,2535.86,5603.14
132,5,10.68,10.23,1.0,64.0,76.0,2535.86,5498.69
132,6,15.77,15.11,2.0,65.0,76.0,2535.86,5394.24
132,7,10.68,10.23,1.0,64.0,76.0,2535.86,5289.78
132,8,5.76,5.52,0.0,64.0,76.0,2535.86,5185.33
132,9,5.76,5.52,0.0,64.0,76.0,2535.86,5080.88
132,12,5.76,5.52,0.0,64.0,76.0,2535.86,4767.52
133,1,490.57,480.74,95.0,124.0,21.0,2551.34,5916.5
133,2,350.58,343.55,61.0,103.0,40.0,2551.34,5812.05
133,3,65.66,64.34,11.0,70.0,71.0,2551.34,5707.59
133,4,80.76,79.14,13.0,71.0,70.0,2551.34,5603.14
133,5,10.68,10.47,1.0,64.0,76.0,2551.34,5498.69
133,6,10.68,10.47,2.0,64.0,76.0,2551.34,5394.24
133,7,5.76,5.64,0.0,64.0,76.0,2551.34,5289.78
133,8,5.76,5.64,0.0,64.0,76.0,2551.34,5185.33
134,1,500.58,485.79,97.0,125.0,20.0,2566.83,5916.5
134,2,330.55,320.78,57.0,100.0,43.0,2566.83,5812.05
134,3,70.75,68.66,12.0,71.0,70.0,2566.83,5707.59
134,4,80.76,78.37,13.0,71.0,70.0,2566.83,5603.14
134,5,10.68,10.36,1.0,64.0,76.0,2566.83,5498.69
134,6,20.69,20.08,3.0,65.0,75.0,2566.83,5394.24
134,7,5.76,5.59,0.0,64.0,76.0,2566.83,5289.78
134,8,10.68,10.36,1.0,64.0,76.0,2566.83,5185.33
135,1,510.43,497.88,100.0,128.0,18.0,2582.31,5916.5
135,2,355.5,346.76,62.0,103.0,40.0,2582.31,5812.05
135,3,50.73,49.48,9.0,68.0,72.0,2582.31,5707.59
135,4,65.66,64.05,11.0,70.0,71.0,2582.31,5603.14
135,5,10.68,10.42,1.0,64.0,76.0,2582.31,5498.69
135,6,15.77,15.38,2.0,65.0,75.0,2582.31,5394.24
135,7,5.76,5.62,0.0,64.0,76.0,2582.31,5289.78
135,8,10.68,10.42,1.0,64.0,76.0,2582.31,5185.33
136,1,523.89,514.56,104.0,130.0,16.0,2597.8,5916.5
136,2,340.56,334.49,59.0,101.0,42.0,2597.8,5812.05
136,3,40.72,39.99,7.0,67.0,73.0,2597.8,5707.59
136,4,80.76,79.32,13.0,71.0,70.0,2597.8,5603.14
136,5,10.68,10.49,1.0,64.0,76.0,2597.8,5498.69
136,6,15.77,15.49,2.0,65.0,75.0,2597.8,5394.24
136,8,5.76,5.66,0.0,64.0,76.0,2597.8,5185.33
137,1,495.49,483.55,96.0,125.0,21.0,2613.28,5916.5
137,2,320.54,312.81,56.0,99.0,44.0,2613.28,5812.05
137,3,60.74,59.28,10.0,69.0,72.0,2613.28,5707.59
137,4,100.79,98.36,17.0,73.0,68.0,2613.28,5603.14
137,5,10.68,10.42,1.0,64.0,76.0,2613.28,5498.69
137,6,25.78,25.16,4.0,66.0,75.0,2613.28,5394.24
137,8,10.68,10.42,1.0,64.0,76.0,2613.28,5185.33
138,1,460.54,446.86,86.0,119.0,26.0,2628.76,5916.5
138,2,345.65,335.38,60.0,102.0,41.0,2628.76,5812.05
138,3,80.76,78.36,13.0,71.0,70.0,2628.76,5707.59
138,4,80.76,78.36,14.0,71.0,69.0,2628.76,5603.14
138,5,15.77,15.3,2.0,65.0,75.0,2628.76,5498.69
138,6,25.78,25.01,4.0,66.0,74.0,2628.76,5394.24
138,7,10.68,10.36,1.0,64.0,76.0,2628.76,5289.78
138,8,10.68,10.36,1.0,64.0,76.0,2628.76,5185.33
139,1,513.88,501.97,101.0,128.0,18.0,2644.25,5916.5
139,2,330.55,322.89,58.0,100.0,43.0,2644.25,5812.05
139,3,80.76,78.89,13.0,71.0,70.0,2644.25,5707.59
139,4,50.73,49.55,9.0,68.0,72.0,2644.25,5603.14
139,5,10.68,10.43,2.0,64.0,76.0,2644.25,5498.69
139,6,20.69,20.21,3.0,65.0,75.0,2644.25,5394.24
139,7,5.76,5.63,0.0,64.0,76.0,2644.25,5289.78
139,8,10.68,10.43,1.0,64.0,76.0,2644.25,5185.33
140,1,527.17,510.02,105.0,131.0,15.0,2659.73,5916.5
140,2,350.58,339.18,61.0,103.0,41.0,2659.73,5812.05
140,3,50.73,49.08,8.0,68.0,73.0,2659.73,5707.59
140,4,50.73,49.08,9.0,68.0,72.0,2659.73,5603.14
140,5,10.68,10.33,1.0,64.0,76.0,2659.73,5498.69
140,6,20.69,20.02,3.0,65.0,75.0,2659.73,5394.24
140,7,5.76,5.57,0.0,64.0,76.0,2659.73,5289.78
140,8,5.76,5.57,0.0,64.0,76.0,2659.73,5185.33
140,9,5.76,5.57,0.0,64.0,76.0,2659.73,5080.88
140,18,5.76,5.57,0.0,64.0,76.0,2659.73,4140.8
141,1,463.82,445.84,87.0,119.0,25.0,2675.21,5916.5
141,2,350.58,336.99,61.0,103.0,40.0,2675.21,5812.05
141,3,80.76,77.63,14.0,71.0,69.0,2675.21,5707.59
141,4,80.76,77.63,13.0,71.0,70.0,2675.21,5603.14
141,5,15.77,15.16,2.0,65.0,76.0,2675.21,5498.69
141,6,20.69,19.89,3.0,65.0,75.0,2675.21,5394.24
141,7,5.76,5.54,0.0,64.0,76.0,2675.21,5289.78
141,8,10.68,10.27,1.0,64.0,76.0,2675.21,5185.33
141,9,5.76,5.54,0.0,64.0,76.0,2675.21,5080.88
141,18,5.76,5.54,0.0,64.0,76.0,2675.21,4140.8
142,1,520.44,497.12,103.0,129.0,17.0,2690.7,5916.5
142,2,310.53,296.62,53.0,98.0,45.0,2690.7,5812.05
142,3,80.76,77.14,13.0,71.0,70.0,2690.7,5707.59
142,4,60.74,58.02,10.0,69.0,71.0,2690.7,5603.14
142,5,15.77,15.06,2.0,65.0,76.0,2690.7,5498.69
142,6,20.69,19.76,3.0,65.0,75.0,2690.7,5394.24
142,7,5.76,5.5,0.0,64.0,76.0,2690.7,5289.78
142,8,15.77,15.06,2.0,65.0,76.0,2690.7,5185.33
142,9,10.68,10.2,1.0,64.0,76.0,2690.7,5080.88
142,18,5.76,5.5,0.0,64.0,76.0,2690.7,4140.8
143,1,563.77,547.62,116.0,137.0,9.0,2706.18,5916.5
143,2,305.61,296.85,52.0,97.0,46.0,2706.18,5812.05
143,3,55.65,54.06,9.0,69.0,72.0,2706.18,5707.59
143,4,50.73,49.28,8.0,68.0,72.0,2706.18,5603.14
143,5,15.77,15.32,2.0,65.0,76.0,2706.18,5498.69
143,6,15.77,15.32,2.0,65.0,75.0,2706.18,5394.24
143,7,10.68,10.37,1.0,64.0,76.0,2706.18,5289.78
143,8,5.76,5.59,0.0,64.0,76.0,2706.18,5185.33
143,9,5.76,5.59,0.0,64.0,76.0,2706.18,5080.88
144,1,527.17,512.89,105.0,131.0,15.0,2721.67,5916.5
144,2,330.55,321.59,57.0,100.0,43.0,2721.67,5812.05
144,3,65.66,63.88,11.0,70.0,71.0,2721.67,5707.59
144,4,60.74,59.09,10.0,69.0,71.0,2721.67,5603.14
144,5,10.68,10.39,1.0,64.0,76.0,2721.67,5498.69
144,6,15.77,15.34,2.0,65.0,75.0,2721.67,5394.24
144,7,5.76,5.6,0.0,64.0,76.0,2721.67,5289.78
144,8,5.76,5.6,0.0,64.0,76.0,2721.67,5185.33
144,9,5.76,5.6,0.0,64.0,76.0,2721.67,5080.88
145,1,503.86,484.64,98.0,126.0,19.0,2737.15,5916.5
145,2,345.65,332.46,60.0,102.0,41.0,2737.15,5812.05
145,3,65.66,63.16,11.0,70.0,71.0,2737.15,5707.59
145,4,80.76,77.68,13.0,71.0,70.0,2737.15,5603.14
145,5,10.68,10.27,1.0,64.0,76.0,2737.15,5498.69
145,6,15.77,15.17,2.0,65.0,76.0,2737.15,5394.24
145,7,5.76,5.54,0.0,64.0,76.0,2737.15,5289.78
145,8,5.76,5.54,0.0,64.0,76.0,2737.15,5185.33
145,9,5.76,5.54,0.0,64.0,76.0,2737.15,5080.88
146,1,523.89,511.75,104.0,130.0,16.0,2752.63,5916.5
146,2,315.62,308.3,54.0,98.0,45.0,2752.63,5812.05
146,3,80.76,78.89,13.0,71.0,70.0,2752.63,5707.59
146,4,55.65,54.36,9.0,69.0,72.0,2752.63,5603.14
146,5,10.68,10.43,1.0,64.0,76.0,2752.63,5498.69
146,6,20.69,20.21,3.0,65.0,75.0,2752.63,5394.24
146,7,5.76,5.63,0.0,64.0,76.0,2752.63,5289.78
146,8,10.68,10.43,1.0,64.0,76.0,2752.63,5185.33
147,1,533.9,512.45,107.0,132.0,15.0,2768.12,5916.5
147,2,305.61,293.33,52.0,97.0,46.0,2768.12,5812.05
147,3,70.75,67.91,12.0,70.0,71.0,2768.12,5707.59
147,4,60.74,58.3,10.0,69.0,72.0,2768.12,5603.14
147,5,10.68,10.25,1.0,64.0,76.0,2768.12,5498.69
147,6,20.69,19.86,3.0,65.0,75.0,2768.12,5394.24
147,7,5.76,5.53,0.0,64.0,76.0,2768.12,5289.78
147,8,10.68,10.25,1.0,64.0,76.0,2768.12,5185.33
147,9,5.76,5.53,0.0,64.0,76.0,2768.12,5080.88
147,10,5.76,5.53,0.0,64.0,76.0,2768.12,4976.42
147,12,5.76,5.53,0.0,64.0,76.0,2768.12,4767.52
147,14,5.76,5.53,0.0,64.0,76.0,2768.12,4558.61
148,1,555.4,529.84,114.0,135.0,11.0,2783.6,5916.5
148,2,320.54,305.79,55.0,99.0,44.0,2783.6,5812.05
148,3,40.72,38.85,7.0,67.0,73.0,2783.6,5707.59
148,4,60.74,57.94,10.0,69.0,71.0,2783.6,5603.14
148,5,10.68,10.19,1.0,64.0,76.0,2783.6,5498.69
148,6,20.69,19.74,3.0,65.0,75.0,2783.6,5394.24
148,7,5.76,5.49,0.0,64.0,76.0,2783.6,5289.78
148,8,10.68,10.19,1.0,64.0,76.0,2783.6,5185.33
148,9,5.76,5.49,0.0,64.0,76.0,2783.6,5080.88
148,10,5.76,5.49,0.0,64.0,76.0,2783.6,4976.42
148,12,5.76,5.49,0.0,64.0,76.0,2783.6,4767.52
148,14,5.76,5.49,0.0,64.0,76.0,2783.6,4558.61
149,1,540.46,515.92,109.0,133.0,14.0,2799.08,5916.5
149,2,320.54,305.98,56.0,99.0,44.0,2799.08,5812.05
149,3,60.74,57.98,10.0,69.0,71.0,2799.08,5707.59
149,4,60.74,57.98,10.0,69.0,71.0,2799.08,5603.14
149,5,10.68,10.2,1.0,64.0,76.0,2799.08,5498.69
149,6,20.69,19.75,3.0,65.0,75.0,2799.08,5394.24
149,8,10.68,10.2,1.0,64.0,76.0,2799.08,5185.33
149,9,5.76,5.5,0.0,64.0,76.0,2799.08,5080.88
149,10,5.76,5.5,0.0,64.0,76.0,2799.08,4976.42
149,12,5.76,5.5,0.0,64.0,76.0,2799.08,4767.52
149,14,5.76,5.5,0.0,64.0,76.0,2799.08,4558.61
150,1,560.49,540.98,115.0,136.0,10.0,2814.57,5916.5
150,2,300.52,290.06,51.0,96.0,47.0,2814.57,5812.05
150,3,55.65,53.71,9.0,69.0,72.0,2814.57,5707.59
150,4,55.65,53.71,9.0,69.0,72.0,2814.57,5603.14
150,5,20.69,19.97,3.0,65.0,75.0,2814.57,5498.69
150,6,25.78,24.88,4.0,66.0,75.0,2814.57,5394.24
150,7,5.76,5.56,0.0,64.0,76.0,2814.57,5289.78
150,8,5.76,5.56,0.0,64.0,76.0,2814.57,5185.33
150,12,5.76,5.56,0.0,64.0,76.0,2814.57,4767.52
151,1,570.5,550.29,119.0,138.0,8.0,2830.05,5916.5
151,2,300.52,289.87,51.0,96.0,47.0,2830.05,5812.05
151,3,60.74,58.59,10.0,69.0,71.0,2830.05,5707.59
151,4,40.72,39.28,7.0,67.0,73.0,2830.05,5603.14
151,5,10.68,10.3,2.0,64.0,76.0,2830.05,5498.69
151,6,20.69,19.96,3.0,65.0,75.0,2830.05,5394.24
151,7,10.68,10.3,1.0,64.0,76.0,2830.05,5289.78
151,8,10.68,10.3,1.0,64.0,76.0,2830.05,5185.33
151,9,5.76,5.56,0.0,64.0,76.0,2830.05,5080.88
151,12,5.76,5.56,0.0,64.0,76.0,2830.05,4767.52
152,1,523.89,501.21,104.0,130.0,16.0,2845.53,5916.5
152,2,335.64,321.11,58.0,101.0,42.0,2845.53,5812.05
152,3,70.75,67.69,12.0,70.0,71.0,2845.53,5707.59
152,4,60.74,58.11,10.0,69.0,72.0,2845.53,5603.14
152,5,10.68,10.22,1.0,64.0,76.0,2845.53,5498.69
152,6,10.68,10.22,2.0,64.0,76.0,2845.53,5394.24
152,7,10.68,10.22,1.0,64.0,76.0,2845.53,5289.78
152,8,10.68,10.22,1.0,64.0,76.0,2845.53,5185.33
152,9,5.76,5.51,0.0,64.0,76.0,2845.53,5080.88
152,12,5.76,5.51,0.0,64.0,76.0,2845.53,4767.52
153,1,540.46,524.06,109.0,133.0,13.0,2861.02,5916.5
153,2,335.64,325.46,58.0,101.0,42.0,2861.02,5812.05
153,3,70.75,68.6,12.0,70.0,70.0,2861.02,5707.59
153,4,45.8,44.41,7.0,68.0,73.0,2861.02,5603.14
153,5,10.68,10.36,1.0,64.0,76.0,2861.02,5498.69
153,6,10.68,10.36,1.0,64.0,76.0,2861.02,5394.24
153,7,5.76,5.59,0.0,64.0,76.0,2861.02,5289.78
153,8,5.76,5.59,0.0,64.0,76.0,2861.02,5185.33
153,9,5.76,5.59,0.0,64.0,76.0,2861.02,5080.88
154,1,590.52,569.87,125.0,140.0,5.0,2876.5,5916.5
154,2,305.61,294.92,52.0,97.0,46.0,2876.5,5812.05
154,3,55.65,53.7,9.0,69.0,72.0,2876.5,5707.59
154,4,40.72,39.3,7.0,67.0,73.0,2876.5,5603.14
154,5,5.76,5.56,0.0,64.0,76.0,2876.5,5498.69
154,6,15.77,15.22,2.0,65.0,76.0,2876.5,5394.24
154,7,5.76,5.56,0.0,64.0,76.0,2876.5,5289.78
154,8,10.68,10.31,1.0,64.0,76.0,2876.5,5185.33
154,9,5.76,5.56,0.0,64.0,76.0,2876.5,5080.88
155,1,570.5,550.64,118.0,137.0,8.0,2891.99,5916.5
155,2,300.52,290.06,51.0,96.0,47.0,2891.99,5812.05
155,3,65.66,63.37,11.0,70.0,71.0,2891.99,5707.59
155,4,50.73,48.96,8.0,68.0,72.0,2891.99,5603.14
155,5,10.68,10.31,1.0,64.0,76.0,2891.99,5498.69
155,6,15.77,15.22,2.0,65.0,76.0,2891.99,5394.24
155,7,5.76,5.56,0.0,64.0,76.0,2891.99,5289.78
155,8,10.68,10.31,1.0,64.0,76.0,2891.99,5185.33
155,9,5.76,5.56,0.0,64.0,76.0,2891.99,5080.88
156,1,575.42,561.08,120.0,138.0,7.0,2907.47,5916.5
156,2,305.61,298.0,52.0,97.0,46.0,2907.47,5812.05
156,3,50.73,49.47,8.0,68.0,72.0,2907.47,5707.59
156,4,50.73,49.47,9.0,68.0,72.0,2907.47,5603.14
156,5,15.77,15.38,2.0,65.0,75.0,2907.47,5498.69
156,6,15.77,15.38,2.0,65.0,76.0,2907.47,5394.24
156,8,5.76,5.62,0.0,64.0,76.0,2907.47,5185.33
156,9,5.76,5.62,0.0,64.0,76.0,2907.47,5080.88
157,1,590.52,569.42,125.0,140.0,5.0,2922.95,5916.5
157,2,290.67,280.28,50.0,95.0,47.0,2922.95,5812.05
157,3,50.73,48.92,8.0,68.0,72.0,2922.95,5707.59
157,4,50.73,48.92,8.0,68.0,73.0,2922.95,5603.14
157,5,10.68,10.3,1.0,64.0,76.0,2922.95,5498.69
157,6,15.77,15.21,2.0,65.0,75.0,2922.95,5394.24
157,7,5.76,5.55,0.0,64.0,76.0,2922.95,5289.78
157,8,10.68,10.3,1.0,64.0,76.0,2922.95,5185.33
157,9,5.76,5.55,0.0,64.0,76.0,2922.95,5080.88
157,10,5.76,5.55,0.0,64.0,76.0,2922.95,4976.42
158,1,570.5,550.29,118.0,137.0,8.0,2938.44,5916.5
158,2,320.54,309.18,56.0,99.0,44.0,2938.44,5812.05
158,3,40.72,39.28,6.0,67.0,73.0,2938.44,5707.59
158,4,55.65,53.68,9.0,69.0,72.0,2938.44,5603.14
158,5,10.68,10.3,1.0,64.0,76.0,2938.44,5498.69
158,6,10.68,10.3,1.0,64.0,76.0,2938.44,5394.24
158,7,5.76,5.56,0.0,64.0,76.0,2938.44,5289.78
158,8,10.68,10.3,1.0,64.0,76.0,2938.44,5185.33
158,9,5.76,5.56,0.0,64.0,76.0,2938.44,5080.88
158,10,5.76,5.56,0.0,64.0,76.0,2938.44,4976.42
159,1,587.07,565.28,124.0,139.0,6.0,2953.92,5916.5
159,2,300.52,289.37,52.0,96.0,46.0,2953.92,5812.05
159,3,50.73,48.85,9.0,68.0,72.0,2953.92,5707.59
159,4,40.72,39.21,6.0,67.0,74.0,2953.92,5603.14
159,5,15.77,15.18,2.0,65.0,75.0,2953.92,5498.69
159,6,15.77,15.18,2.0,65.0,75.0,2953.92,5394.24
159,7,5.76,5.55,0.0,64.0,76.0,2953.92,5289.78
159,8,10.68,10.28,1.0,64.0,76.0,2953.92,5185.33
159,9,5.76,5.55,0.0,64.0,76.0,2953.92,5080.88
159,10,5.76,5.55,0.0,64.0,76.0,2953.92,4976.42
160,1,570.5,553.36,119.0,138.0,8.0,2969.4,5916.5
160,2,300.52,291.49,51.0,96.0,46.0,2969.4,5812.05
160,3,85.69,83.12,14.0,72.0,69.0,2969.4,5707.59
160,4,30.71,29.79,5.0,66.0,74.0,2969.4,5603.14
160,5,10.68,10.36,1.0,64.0,76.0,2969.4,5498.69
160,6,10.68,10.36,2.0,64.0,76.0,2969.4,5394.24
160,7,5.76,5.59,0.0,64.0,76.0,2969.4,5289.78
160,8,10.68,10.36,1.0,64.0,76.0,2969.4,5185.33
160,9,5.76,5.59,0.0,64.0,76.0,2969.4,5080.88
161,1,577.88,559.1,121.0,138.0,7.0,2984.89,5916.5
161,2,300.52,290.75,52.0,96.0,46.0,2984.89,5812.05
161,3,60.74,58.77,11.0,69.0,71.0,2984.89,5707.59
161,4,45.8,44.31,7.0,68.0,73.0,2984.89,5603.14
161,5,10.68,10.33,1.0,64.0,76.0,2984.89,5498.69
161,6,20.69,20.02,3.0,65.0,75.0,2984.89,5394.24
161,7,5.76,5.57,0.0,64.0,76.0,2984.89,5289.78
161,8,5.76,5.57,0.0,64.0,76.0,2984.89,5185.33
161,9,5.76,5.57,0.0,64.0,76.0,2984.89,5080.88
162,1,580.51,557.57,122.0,139.0,6.0,3000.37,5916.5
162,2,310.53,298.26,53.0,97.0,46.0,3000.37,5812.05
162,3,65.66,63.06,11.0,70.0,71.0,3000.37,5707.59
162,4,40.72,39.11,6.0,67.0,73.0,3000.37,5603.14
162,5,10.68,10.26,1.0,64.0,76.0,3000.37,5498.69
162,6,15.77,15.15,2.0,65.0,76.0,3000.37,5394.24
162,7,5.76,5.53,0.0,64.0,76.0,3000.37,5289.78
162,8,5.76,5.53,0.0,64.0,76.0,3000.37,5185.33
162,9,5.76,5.53,0.0,64.0,76.0,3000.37,5080.88
163,1,570.5,550.55,118.0,137.0,8.0,3015.86,5916.5
163,2,305.61,294.92,52.0,97.0,46.0,3015.86,5812.05
163,3,55.65,53.7,9.0,69.0,72.0,3015.86,5707.59
163,4,50.73,48.96,9.0,68.0,72.0,3015.86,5603.14
163,5,10.68,10.31,1.0,64.0,76.0,3015.86,5498.69
163,6,15.77,15.22,2.0,65.0,75.0,3015.86,5394.24
163,7,5.76,5.56,0.0,64.0,76.0,3015.86,5289.78
163,8,15.77,15.22,2.0,65.0,76.0,3015.86,5185.33
163,9,5.76,5.56,0.0,64.0,76.0,3015.86,5080.88
164,1,627.94,607.53,138.0,143.0,3.0,3031.34,5916.5
164,2,280.66,271.54,47.0,94.0,49.0,3031.34,5812.05
164,3,40.72,39.4,6.0,67.0,73.0,3031.34,5707.59
164,4,40.72,39.4,6.0,67.0,74.0,3031.34,5603.14
164,5,10.68,10.33,1.0,64.0,76.0,3031.34,5498.69
164,6,10.68,10.33,1.0,64.0,76.0,3031.34,5394.24
164,7,5.76,5.57,0.0,64.0,76.0,3031.34,5289.78
164,8,10.68,10.33,1.0,64.0,76.0,3031.34,5185.33
164,9,5.76,5.57,0.0,64.0,76.0,3031.34,5080.88
165,1,647.96,623.83,144.0,144.0,4.0,3046.82,5916.5
165,2,270.65,260.57,46.0,93.0,50.0,3046.82,5812.05
165,3,30.71,29.57,5.0,67.0,74.0,3046.82,5707.59
165,4,45.8,44.09,7.0,68.0,73.0,3046.82,5603.14
165,5,10.68,10.28,1.0,64.0,76.0,3046.82,5498.69
165,6,10.68,10.28,1.0,64.0,76.0,3046.82,5394.24
165,7,5.76,5.55,0.0,64.0,76.0,3046.82,5289.78
165,8,10.68,10.28,1.0,64.0,76.0,3046.82,5185.33
165,9,5.76,5.55,0.0,64.0,76.0,3046.82,5080.88
166,1,653.71,628.97,147.0,145.0,5.0,3062.31,5916.5
166,2,245.7,236.4,41.0,90.0,52.0,3062.31,5812.05
166,3,50.73,48.81,9.0,68.0,72.0,3062.31,5707.59
166,4,40.72,39.18,6.0,67.0,73.0,3062.31,5603.14
166,5,10.68,10.28,1.0,64.0,76.0,3062.31,5498.69
166,6,10.68,10.28,1.0,64.0,76.0,3062.31,5394.24
166,7,10.68,10.28,1.0,64.0,76.0,3062.31,5289.78
166,8,10.68,10.28,1.0,64.0,76.0,3062.31,5185.33
166,9,5.76,5.54,0.0,64.0,76.0,3062.31,5080.88
167,1,657.15,636.71,148.0,145.0,5.0,3077.79,5916.5
167,2,260.64,252.53,44.0,92.0,51.0,3077.79,5812.05
167,3,45.8,44.38,7.0,68.0,73.0,3077.79,5707.59
167,4,30.71,29.75,5.0,66.0,74.0,3077.79,5603.14
167,5,10.68,10.35,1.0,64.0,76.0,3077.79,5498.69
167,6,10.68,10.35,1.0,64.0,76.0,3077.79,5394.24
167,7,10.68,10.35,1.0,64.0,76.0,3077.79,5289.78
167,8,5.76,5.58,0.0,64.0,76.0,3077.79,5185.33
168,1,637.13,614.38,141.0,143.0,3.0,3093.27,5916.5
168,2,280.66,270.64,48.0,94.0,49.0,3093.27,5812.05
168,3,50.73,48.92,8.0,68.0,72.0,3093.27,5707.59
168,4,30.71,29.61,5.0,66.0,74.0,3093.27,5603.14
168,5,10.68,10.3,1.0,64.0,76.0,3093.27,5498.69
168,6,10.68,10.3,1.0,64.0,76.0,3093.27,5394.24
168,7,10.68,10.3,1.0,64.0,76.0,3093.27,5289.78
168,8,5.76,5.55,0.0,64.0,76.0,3093.27,5185.33
169,1,630.4,615.3,139.0,143.0,3.0,3108.76,5916.5
169,2,280.66,273.94,47.0,93.0,49.0,3108.76,5812.05
169,3,55.65,54.32,9.0,69.0,72.0,3108.76,5707.59
169,4,30.71,29.97,5.0,66.0,74.0,3108.76,5603.14
169,5,10.68,10.42,1.0,64.0,76.0,3108.76,5498.69
169,6,10.68,10.42,1.0,64.0,76.0,3108.76,5394.24
169,8,5.76,5.62,0.0,64.0,76.0,3108.76,5185.33
170,1,667.16,653.17,152.0,146.0,7.0,3124.24,5916.5
170,2,250.63,245.37,43.0,91.0,52.0,3124.24,5812.05
170,3,50.73,49.67,8.0,68.0,72.0,3124.24,5707.59
170,4,25.78,25.24,4.0,66.0,75.0,3124.24,5603.14
170,5,10.68,10.46,1.0,64.0,76.0,3124.24,5498.69
170,6,10.68,10.46,1.0,64.0,76.0,3124.24,5394.24
170,8,5.76,5.64,0.0,64.0,76.0,3124.24,5185.33
171,1,667.16,645.46,152.0,146.0,7.0,3139.72,5916.5
171,2,250.63,242.48,42.0,90.0,52.0,3139.72,5812.05
171,3,40.72,39.4,7.0,67.0,73.0,3139.72,5707.59
171,4,30.71,29.71,5.0,66.0,74.0,3139.72,5603.14
171,5,10.68,10.33,1.0,64.0,76.0,3139.72,5498.69
171,6,10.68,10.33,1.0,64.0,76.0,3139.72,5394.24
171,8,5.76,5.57,0.0,64.0,76.0,3139.72,5185.33
171,9,5.76,5.57,0.0,64.0,76.0,3139.72,5080.88
171,10,5.76,5.57,0.0,64.0,76.0,3139.72,4976.42
171,11,5.76,5.57,0.0,64.0,76.0,3139.72,4871.97
172,1,662.9,634.28,150.0,146.0,6.0,3155.21,5916.5
172,2,255.55,244.52,43.0,91.0,51.0,3155.21,5812.05
172,3,40.72,38.96,6.0,67.0,73.0,3155.21,5707.59
172,4,40.72,38.96,6.0,67.0,74.0,3155.21,5603.14
172,5,5.76,5.51,0.0,64.0,76.0,3155.21,5498.69
172,6,10.68,10.22,1.0,64.0,76.0,3155.21,5394.24
172,7,5.76,5.51,0.0,64.0,76.0,3155.21,5289.78
172,8,5.76,5.51,0.0,64.0,76.0,3155.21,5185.33
172,9,5.76,5.51,0.0,64.0,76.0,3155.21,5080.88
172,10,5.76,5.51,0.0,64.0,76.0,3155.21,4976.42
172,11,5.76,5.51,0.0,64.0,76.0,3155.21,4871.97
173,1,698.35,671.04,165.0,152.0,18.0,3170.69,5916.5
173,2,225.68,216.85,37.0,87.0,55.0,3170.69,5812.05
173,3,40.72,39.13,7.0,67.0,73.0,3170.69,5707.59
173,4,30.71,29.51,5.0,66.0,74.0,3170.69,5603.14
173,5,10.68,10.26,1.0,64.0,76.0,3170.69,5498.69
173,6,5.76,5.53,0.0,64.0,76.0,3170.69,5394.24
173,7,5.76,5.53,0.0,64.0,76.0,3170.69,5289.78
173,8,5.76,5.53,0.0,64.0,76.0,3170.69,5185.33
173,9,5.76,5.53,0.0,64.0,76.0,3170.69,5080.88
173,10,5.76,5.53,0.0,64.0,76.0,3170.69,4976.42
173,11,5.76,5.53,0.0,64.0,76.0,3170.69,4871.97
174,1,712.46,689.52,171.0,155.0,23.0,3186.18,5916.5
174,2,195.65,189.35,32.0,84.0,58.0,3186.18,5812.05
174,3,60.74,58.78,10.0,69.0,71.0,3186.18,5707.59
174,4,25.78,24.95,4.0,66.0,75.0,3186.18,5603.14
174,5,10.68,10.34,2.0,64.0,76.0,3186.18,5498.69
174,6,10.68,10.34,1.0,64.0,76.0,3186.18,5394.24
174,7,5.76,5.57,0.0,64.0,76.0,3186.18,5289.78
174,8,5.76,5.57,0.0,64.0,76.0,3186.18,5185.33
174,9,5.76,5.57,0.0,64.0,76.0,3186.18,5080.88
175,1,716.4,694.56,173.0,157.0,25.0,3201.66,5916.5
175,2,195.65,189.68,32.0,84.0,58.0,3201.66,5812.05
175,3,60.74,58.89,10.0,69.0,72.0,3201.66,5707.59
175,4,25.78,24.99,4.0,66.0,75.0,3201.66,5603.14
175,5,10.68,10.35,1.0,64.0,76.0,3201.66,5498.69
175,6,10.68,10.35,1.0,64.0,76.0,3201.66,5394.24
175,7,5.76,5.58,0.0,64.0,76.0,3201.66,5289.78
175,8,5.76,5.58,0.0,64.0,76.0,3201.66,5185.33
176,1,662.9,635.2,150.0,146.0,6.0,3217.14,5916.5
176,2,230.6,220.96,38.0,87.0,55.0,3217.14,5812.05
176,3,60.74,58.2,10.0,69.0,71.0,3217.14,5707.59
176,4,40.72,39.02,6.0,67.0,74.0,3217.14,5603.14
176,5,10.68,10.23,1.0,64.0,76.0,3217.14,5498.69
176,6,15.77,15.11,2.0,65.0,76.0,3217.14,5394.24
176,7,5.76,5.52,0.0,64.0,76.0,3217.14,5289.78
176,8,10.68,10.23,1.0,64.0,76.0,3217.14,5185.33
176,9,5.76,5.52,0.0,64.0,76.0,3217.14,5080.88
177,1,647.96,623.82,144.0,144.0,4.0,3232.63,5916.5
177,2,250.63,241.29,42.0,90.0,52.0,3232.63,5812.05
177,3,40.72,39.2,7.0,67.0,73.0,3232.63,5707.59
177,4,40.72,39.2,6.0,67.0,74.0,3232.63,5603.14
177,5,15.77,15.18,2.0,65.0,76.0,3232.63,5498.69
177,6,20.69,19.92,3.0,65.0,75.0,3232.63,5394.24
177,8,10.68,10.28,1.0,64.0,76.0,3232.63,5185.33
177,9,5.76,5.55,0.0,64.0,76.0,3232.63,5080.88
177,12,5.76,5.55,0.0,64.0,76.0,3232.63,4767.52
178,1,665.36,644.85,151.0,146.0,7.0,3248.11,5916.5
178,2,230.6,223.49,38.0,87.0,54.0,3248.11,5812.05
178,3,40.72,39.46,7.0,67.0,73.0,3248.11,5707.59
178,4,40.72,39.46,7.0,67.0,73.0,3248.11,5603.14
178,5,5.76,5.58,0.0,64.0,76.0,3248.11,5498.69
178,6,20.69,20.05,3.0,65.0,75.0,3248.11,5394.24
178,7,10.68,10.35,1.0,64.0,76.0,3248.11,5289.78
178,8,5.76,5.58,0.0,64.0,76.0,3248.11,5185.33
178,9,5.76,5.58,0.0,64.0,76.0,3248.11,5080.88
178,12,5.76,5.58,0.0,64.0,76.0,3248.11,4767.52
179,1,623.02,599.81,136.0,142.0,3.0,3263.59,5916.5
179,2,270.65,260.57,46.0,92.0,50.0,3263.59,5812.05
179,3,55.65,53.58,9.0,69.0,72.0,3263.59,5707.59
179,4,40.72,39.2,7.0,67.0,73.0,3263.59,5603.14
179,5,10.68,10.28,1.0,64.0,76.0,3263.59,5498.69
179,6,15.77,15.18,2.0,65.0,76.0,3263.59,5394.24
179,7,10.68,10.28,1.0,64.0,76.0,3263.59,5289.78
179,8,5.76,5.55,0.0,64.0,76.0,3263.59,5185.33
179,12,5.76,5.55,0.0,64.0,76.0,3263.59,4767.52
180,1,600.53,574.08,129.0,141.0,4.0,3279.08,5916.5
180,2,320.54,306.42,55.0,98.0,44.0,3279.08,5812.05
180,3,40.72,38.93,7.0,67.0,73.0,3279.08,5707.59
180,4,40.72,38.93,7.0,67.0,73.0,3279.08,5603.14
180,5,10.68,10.21,1.0,64.0,76.0,3279.08,5498.69
180,6,10.68,10.21,1.0,64.0,76.0,3279.08,5394.24
180,7,10.68,10.21,1.0,64.0,76.0,3279.08,5289.78
180,8,5.76,5.51,0.0,64.0,76.0,3279.08,5185.33
180,12,5.76,5.51,0.0,64.0,76.0,3279.08,4767.52
181,1,523.89,513.47,104.0,130.0,16.0,3294.56,5916.5
181,2,377.16,369.66,67.0,106.0,37.0,3294.56,5812.05
181,3,40.72,39.91,6.0,67.0,73.0,3294.56,5707.59
181,4,30.71,30.1,5.0,67.0,74.0,3294.56,5603.14
181,5,10.68,10.47,1.0,64.0,76.0,3294.56,5498.69
181,6,15.77,15.46,2.0,65.0,75.0,3294.56,5394.24
181,7,10.68,10.47,2.0,64.0,76.0,3294.56,5289.78
181,8,10.68,10.47,2.0,64.0,76.0,3294.56,5185.33
182,1,570.5,551.09,119.0,138.0,8.0,3310.04,5916.5
182,2,280.66,271.11,48.0,94.0,49.0,3310.04,5812.05
182,3,55.65,53.76,9.0,69.0,72.0,3310.04,5707.59
182,4,65.66,63.43,11.0,70.0,71.0,3310.04,5603.14
182,5,10.68,10.32,1.0,64.0,76.0,3310.04,5498.69
182,6,30.71,29.67,5.0,66.0,74.0,3310.04,5394.24
182,7,10.68,10.32,1.0,64.0,76.0,3310.04,5289.78
182,8,10.68,10.32,2.0,64.0,76.0,3310.04,5185.33
183,1,607.1,591.13,131.0,141.0,3.0,3325.53,5916.5
183,2,270.65,263.53,46.0,93.0,49.0,3325.53,5812.05
183,3,55.65,54.19,9.0,69.0,72.0,3325.53,5707.59
183,4,40.72,39.65,7.0,67.0,73.0,3325.53,5603.14
183,5,10.68,10.4,1.0,64.0,76.0,3325.53,5498.69
183,6,15.77,15.36,2.0,65.0,76.0,3325.53,5394.24
183,7,10.68,10.4,1.0,64.0,76.0,3325.53,5289.78
183,8,15.77,15.36,2.0,65.0,75.0,3325.53,5185.33
184,1,533.9,516.05,107.0,132.0,14.0,3341.01,5916.5
184,2,315.62,305.07,54.0,98.0,45.0,3341.01,5812.05
184,3,60.74,58.71,10.0,69.0,71.0,3341.01,5707.59
184,4,50.73,49.03,8.0,68.0,72.0,3341.01,5603.14
184,5,15.77,15.24,2.0,65.0,75.0,3341.01,5498.69
184,6,20.69,20.0,3.0,65.0,75.0,3341.01,5394.24
184,7,10.68,10.32,1.0,64.0,76.0,3341.01,5289.78
184,8,15.77,15.24,2.0,65.0,76.0,3341.01,5185.33
184,9,10.68,10.32,1.0,64.0,76.0,3341.01,5080.88
185,1,530.45,512.08,106.0,131.0,15.0,3356.5,5916.5
185,2,320.54,309.44,55.0,99.0,44.0,3356.5,5812.05
185,3,55.65,53.72,9.0,69.0,72.0,3356.5,5707.59
185,4,60.74,58.64,10.0,69.0,71.0,3356.5,5603.14
185,5,25.78,24.89,4.0,66.0,75.0,3356.5,5498.69
185,6,10.68,10.31,1.0,64.0,76.0,3356.5,5394.24
185,7,10.68,10.31,1.0,64.0,76.0,3356.5,5289.78
185,8,10.68,10.31,1.0,64.0,76.0,3356.5,5185.33
185,9,10.68,10.31,1.0,64.0,76.0,3356.5,5080.88
186,1,580.51,559.77,122.0,139.0,6.0,3371.98,5916.5
186,2,305.61,294.69,52.0,97.0,46.0,3371.98,5812.05
186,3,45.8,44.16,7.0,68.0,73.0,3371.98,5707.59
186,4,45.8,44.16,7.0,68.0,73.0,3371.98,5603.14
186,5,15.77,15.21,2.0,65.0,75.0,3371.98,5498.69
186,6,10.68,10.3,1.0,64.0,76.0,3371.98,5394.24
186,8,10.68,10.3,1.0,64.0,76.0,3371.98,5185.33
186,9,10.68,10.3,1.0,64.0,76.0,3371.98,5080.88
186,10,5.76,5.55,0.0,64.0,76.0,3371.98,4976.42
186,12,5.76,5.55,0.0,64.0,76.0,3371.98,4767.52
187,1,570.5,545.03,118.0,137.0,8.0,3387.46,5916.5
187,2,340.56,325.35,59.0,101.0,42.0,3387.46,5812.05
187,3,50.73,48.46,8.0,68.0,72.0,3387.46,5707.59
187,4,30.71,29.34,5.0,66.0,74.0,3387.46,5603.14
187,5,10.68,10.2,2.0,64.0,76.0,3387.46,5498.69
187,6,10.68,10.2,1.0,64.0,76.0,3387.46,5394.24
187,8,10.68,10.2,2.0,64.0,76.0,3387.46,5185.33
187,9,10.68,10.2,1.0,64.0,76.0,3387.46,5080.88
187,10,5.76,5.5,0.0,64.0,76.0,3387.46,4976.42
187,12,5.76,5.5,0.0,64.0,76.0,3387.46,4767.52
188,1,583.79,555.98,123.0,139.0,6.0,3402.95,5916.5
188,2,300.52,286.2,51.0,96.0,47.0,3402.95,5812.05
188,3,50.73,48.31,8.0,68.0,73.0,3402.95,5707.59
188,4,50.73,48.31,8.0,68.0,72.0,3402.95,5603.14
188,5,10.68,10.17,2.0,64.0,76.0,3402.95,5498.69
188,6,10.68,10.17,1.0,64.0,76.0,3402.95,5394.24
188,8,20.69,19.7,3.0,65.0,75.0,3402.95,5185.33
188,9,10.68,10.17,1.0,64.0,76.0,3402.95,5080.88
188,10,5.76,5.49,0.0,64.0,76.0,3402.95,4976.42
188,12,5.76,5.49,0.0,64.0,76.0,3402.95,4767.52
189,1,517.16,494.79,102.0,129.0,17.0,3418.43,5916.5
189,2,373.88,357.7,66.0,106.0,37.0,3418.43,5812.05
189,3,55.65,53.24,9.0,69.0,72.0,3418.43,5707.59
189,4,45.8,43.82,7.0,68.0,73.0,3418.43,5603.14
189,5,10.68,10.22,1.0,64.0,76.0,3418.43,5498.69
189,6,10.68,10.22,1.0,64.0,76.0,3418.43,5394.24
189,8,20.69,19.79,3.0,65.0,75.0,3418.43,5185.33
189,12,10.68,10.22,1.0,64.0,76.0,3418.43,4767.52
190,1,563.77,540.22,116.0,136.0,9.0,3433.91,5916.5
190,2,335.64,321.62,58.0,101.0,42.0,3433.91,5812.05
190,3,55.65,53.33,9.0,69.0,72.0,3433.91,5707.59
190,4,40.72,39.02,6.0,67.0,73.0,3433.91,5603.14
190,5,10.68,10.23,1.0,64.0,76.0,3433.91,5498.69
190,6,15.77,15.11,2.0,65.0,76.0,3433.91,5394.24
190,8,10.68,10.23,1.0,64.0,76.0,3433.91,5185.33
190,12,10.68,10.23,1.0,64.0,76.0,3433.91,4767.52
191,1,673.73,648.55,155.0,147.0,9.0,3449.4,5916.5
191,2,245.7,236.52,41.0,89.0,53.0,3449.4,5812.05
191,3,50.73,48.83,8.0,68.0,73.0,3449.4,5707.59
191,4,25.78,24.82,4.0,66.0,75.0,3449.4,5603.14
191,5,5.76,5.54,0.0,64.0,76.0,3449.4,5498.69
191,6,15.77,15.18,2.0,65.0,76.0,3449.4,5394.24
191,8,10.68,10.28,1.0,64.0,76.0,3449.4,5185.33
191,12,10.68,10.28,1.0,64.0,76.0,3449.4,4767.52
192,1,675.37,658.77,155.0,147.0,10.0,3464.88,5916.5
192,2,210.58,205.4,35.0,85.0,56.0,3464.88,5812.05
192,3,55.65,54.28,9.0,69.0,72.0,3464.88,5707.59
192,4,45.8,44.67,7.0,68.0,73.0,3464.88,5603.14
192,5,10.68,10.42,1.0,64.0,76.0,3464.88,5498.69
192,6,10.68,10.42,1.0,64.0,76.0,3464.88,5394.24
192,8,10.68,10.42,1.0,64.0,76.0,3464.88,5185.33
192,18,5.76,5.62,0.0,64.0,76.0,3464.88,4140.8
193,1,687.84,662.44,160.0,150.0,14.0,3480.37,5916.5
193,2,230.6,222.08,38.0,87.0,54.0,3480.37,5812.05
193,3,40.72,39.22,6.0,67.0,73.0,3480.37,5707.59
193,4,30.71,29.58,5.0,67.0,74.0,3480.37,5603.14
193,5,10.68,10.29,1.0,64.0,76.0,3480.37,5498.69
193,6,10.68,10.29,1.0,64.0,76.0,3480.37,5394.24
193,8,10.68,10.29,1.0,64.0,76.0,3480.37,5185.33
193,9,10.68,10.29,1.0,64.0,76.0,3480.37,5080.88
193,18,5.76,5.55,0.0,64.0,76.0,3480.37,4140.8
194,1,732.81,701.63,180.0,161.0,32.0,3495.85,5916.5
194,2,190.72,182.61,31.0,83.0,59.0,3495.85,5812.05
194,3,25.78,24.68,4.0,66.0,74.0,3495.85,5707.59
194,4,40.72,38.99,6.0,67.0,73.0,3495.85,5603.14
194,5,5.76,5.51,0.0,64.0,76.0,3495.85,5498.69
194,6,15.77,15.1,2.0,65.0,75.0,3495.85,5394.24
194,7,5.76,5.51,0.0,64.0,76.0,3495.85,5289.78
194,8,10.68,10.23,1.0,64.0,76.0,3495.85,5185.33
194,9,10.68,10.23,1.0,64.0,76.0,3495.85,5080.88
194,18,5.76,5.51,0.0,64.0,76.0,3495.85,4140.8
195,1,625.48,603.23,137.0,143.0,3.0,3511.33,5916.5
195,2,250.63,241.71,42.0,90.0,52.0,3511.33,5812.05
195,3,45.8,44.17,7.0,68.0,73.0,3511.33,5707.59
195,4,50.73,48.93,8.0,68.0,73.0,3511.33,5603.14
195,5,10.68,10.3,2.0,64.0,76.0,3511.33,5498.69
195,6,15.77,15.21,2.0,65.0,76.0,3511.33,5394.24
195,7,10.68,10.3,2.0,64.0,76.0,3511.33,5289.78
195,8,10.68,10.3,1.0,64.0,76.0,3511.33,5185.33
195,9,10.68,10.3,1.0,64.0,76.0,3511.33,5080.88
195,12,5.76,5.56,0.0,64.0,76.0,3511.33,4767.52
196,1,600.53,574.18,129.0,141.0,4.0,3526.82,5916.5
196,2,300.52,287.33,51.0,96.0,47.0,3526.82,5812.05
196,3,55.65,53.21,9.0,69.0,72.0,3526.82,5707.59
196,4,40.72,38.93,6.0,67.0,74.0,3526.82,5603.14
196,5,10.68,10.21,1.0,64.0,76.0,3526.82,5498.69
196,6,10.68,10.21,1.0,64.0,76.0,3526.82,5394.24
196,7,10.68,10.21,2.0,64.0,76.0,3526.82,5289.78
196,8,10.68,10.21,1.0,64.0,76.0,3526.82,5185.33
196,12,5.76,5.51,0.0,64.0,76.0,3526.82,4767.52
197,1,577.88,550.36,121.0,138.0,7.0,3542.3,5916.5
197,2,377.16,359.2,67.0,106.0,37.0,3542.3,5812.05
197,3,20.69,19.7,3.0,65.0,75.0,3542.3,5707.59
197,4,30.71,29.25,5.0,66.0,74.0,3542.3,5603.14
197,5,5.76,5.49,0.0,64.0,76.0,3542.3,5498.69
197,6,10.68,10.17,1.0,64.0,76.0,3542.3,5394.24
197,7,10.68,10.17,2.0,64.0,76.0,3542.3,5289.78
197,8,10.68,10.17,1.0,64.0,76.0,3542.3,5185.33
197,12,5.76,5.49,0.0,64.0,76.0,3542.3,4767.52
198,1,527.17,515.78,105.0,130.0,16.0,3557.78,5916.5
198,2,350.58,343.0,61.0,103.0,40.0,3557.78,5812.05
198,3,25.78,25.22,4.0,66.0,74.0,3557.78,5707.59
198,4,60.74,59.43,10.0,69.0,72.0,3557.78,5603.14
198,5,10.68,10.45,1.0,64.0,76.0,3557.78,5498.69
198,6,20.69,20.24,3.0,65.0,75.0,3557.78,5394.24
198,7,15.77,15.43,2.0,65.0,75.0,3557.78,5289.78
198,8,10.68,10.45,1.0,64.0,76.0,3557.78,5185.33
199,1,600.53,574.36,129.0,141.0,4.0,3573.27,5916.5
199,2,300.52,287.42,51.0,96.0,47.0,3573.27,5812.05
199,3,50.73,48.52,8.0,68.0,73.0,3573.27,5707.59
199,4,45.8,43.8,7.0,68.0,73.0,3573.27,5603.14
199,5,15.77,15.08,2.0,65.0,76.0,3573.27,5498.69
199,6,5.76,5.51,0.0,64.0,76.0,3573.27,5394.24
199,7,15.77,15.08,2.0,65.0,75.0,3573.27,5289.78
199,8,10.68,10.21,1.0,64.0,76.0,3573.27,5185.33
200,1,672.91,638.26,154.0,147.0,8.0,3588.75,5916.5
200,2,240.62,228.23,40.0,89.0,53.0,3588.75,5812.05
200,3,45.8,43.44,7.0,68.0,73.0,3588.75,5707.59
200,4,25.78,24.45,4.0,66.0,75.0,3588.75,5603.14
200,5,10.68,10.13,1.0,64.0,76.0,3588.75,5498.69
200,6,10.68,10.13,1.0,64.0,76.0,3588.75,5394.24
200,7,15.77,14.96,2.0,65.0,75.0,3588.75,5289.78
200,8,10.68,10.13,1.0,64.0,76.0,3588.75,5185.33
200,9,10.68,10.13,1.0,64.0,76.0,3588.75,5080.88
200,10,10.68,10.13,1.0,64.0,76.0,3588.75,4976.42
201,1,627.94,601.8,138.0,143.0,3.0,3604.23,5916.5
201,2,255.55,244.91,43.0,91.0,51.0,3604.23,5812.05
201,3,50.73,48.62,8.0,68.0,72.0,3604.23,5707.59
201,4,50.73,48.62,8.0,68.0,73.0,3604.23,5603.14
201,5,10.68,10.24,2.0,64.0,76.0,3604.23,5498.69
201,6,15.77,15.11,2.0,65.0,76.0,3604.23,5394.24
201,8,10.68,10.24,1.0,64.0,76.0,3604.23,5185.33
201,9,10.68,10.24,1.0,64.0,76.0,3604.23,5080.88
201,10,10.68,10.24,1.0,64.0,76.0,3604.23,4976.42
202,1,570.5,542.48,119.0,138.0,8.0,3619.72,5916.5
202,2,265.56,252.52,45.0,92.0,50.0,3619.72,5812.05
202,3,85.69,81.48,14.0,72.0,69.0,3619.72,5707.59
202,4,60.74,57.76,10.0,69.0,71.0,3619.72,5603.14
202,5,10.68,10.16,1.0,64.0,76.0,3619.72,5498.69
202,6,15.77,15.0,2.0,65.0,75.0,3619.72,5394.24
202,8,10.68,10.16,1.0,64.0,76.0,3619.72,5185.33
202,9,10.68,10.16,1.0,64.0,76.0,3619.72,5080.88
202,10,10.68,10.16,1.0,64.0,76.0,3619.72,4976.42
202,16,10.68,10.16,1.0,64.0,76.0,3619.72,4349.71
203,1,650.42,628.19,146.0,145.0,4.0,3635.2,5916.5
203,2,205.66,198.63,34.0,85.0,57.0,3635.2,5812.05
203,3,90.77,87.67,15.0,72.0,69.0,3635.2,5707.59
203,4,40.72,39.33,7.0,67.0,73.0,3635.2,5603.14
203,5,15.77,15.23,2.0,65.0,76.0,3635.2,5498.69
203,6,10.68,10.32,1.0,64.0,76.0,3635.2,5394.24
203,8,10.68,10.32,2.0,64.0,76.0,3635.2,5185.33
203,16,10.68,10.32,1.0,64.0,76.0,3635.2,4349.71
204,1,617.11,594.6,134.0,142.0,3.0,3650.69,5916.5
204,2,250.63,241.49,42.0,90.0,52.0,3650.69,5812.05
204,3,45.8,44.13,7.0,68.0,73.0,3650.69,5707.59
204,4,60.74,58.52,10.0,69.0,72.0,3650.69,5603.14
204,5,15.77,15.19,2.0,65.0,76.0,3650.69,5498.69
204,6,10.68,10.29,2.0,64.0,76.0,3650.69,5394.24
204,8,20.69,19.94,3.0,65.0,75.0,3650.69,5185.33
204,12,5.76,5.55,0.0,64.0,76.0,3650.69,4767.52
204,16,10.68,10.29,1.0,64.0,76.0,3650.69,4349.71
205,1,617.11,595.07,134.0,142.0,3.0,3666.17,5916.5
205,2,250.63,241.68,42.0,90.0,52.0,3666.17,5812.05
205,3,60.74,58.57,10.0,69.0,72.0,3666.17,5707.59
205,4,60.74,58.57,10.0,69.0,71.0,3666.17,5603.14
205,5,10.68,10.3,1.0,64.0,76.0,3666.17,5498.69
205,6,10.68,10.3,1.0,64.0,76.0,3666.17,5394.24
205,8,20.69,19.95,3.0,65.0,75.0,3666.17,5185.33
205,12,5.76,5.55,0.0,64.0,76.0,3666.17,4767.52
206,1,580.51,549.77,122.0,139.0,6.0,3681.65,5916.5
206,2,300.52,284.61,51.0,96.0,47.0,3681.65,5812.05
206,3,65.66,62.18,11.0,70.0,71.0,3681.65,5707.59
206,4,20.69,19.59,3.0,65.0,75.0,3681.65,5603.14
206,5,30.71,29.08,5.0,66.0,74.0,3681.65,5498.69
206,6,20.69,19.59,3.0,65.0,75.0,3681.65,5394.24
206,8,20.69,19.59,3.0,65.0,75.0,3681.65,5185.33
206,9,10.68,10.11,1.0,64.0,76.0,3681.65,5080.88
206,12,5.76,5.46,0.0,64.0,76.0,3681.65,4767.52
207,1,587.07,568.54,124.0,140.0,6.0,3697.14,5916.5
207,2,290.67,281.49,50.0,95.0,47.0,3697.14,5812.05
207,3,60.74,58.82,10.0,69.0,72.0,3697.14,5707.59
207,4,30.71,29.74,5.0,66.0,74.0,3697.14,5603.14
207,5,10.68,10.34,2.0,64.0,76.0,3697.14,5498.69
207,6,20.69,20.04,3.0,65.0,75.0,3697.14,5394.24
207,7,10.68,10.34,1.0,64.0,76.0,3697.14,5289.78
207,8,10.68,10.34,2.0,64.0,76.0,3697.14,5185.33
207,9,10.68,10.34,1.0,64.0,76.0,3697.14,5080.88
208,1,613.83,579.43,132.0,142.0,3.0,3712.62,5916.5
208,2,305.61,288.49,52.0,97.0,46.0,3712.62,5812.05
208,3,60.74,57.34,11.0,69.0,71.0,3712.62,5707.59
208,4,25.78,24.34,4.0,66.0,75.0,3712.62,5603.14
208,5,10.68,10.08,2.0,64.0,76.0,3712.62,5498.69
208,6,10.68,10.08,1.0,64.0,76.0,3712.62,5394.24
208,7,10.68,10.08,1.0,64.0,76.0,3712.62,5289.78
208,8,10.68,10.08,2.0,64.0,76.0,3712.62,5185.33
208,9,10.68,10.08,1.0,64.0,76.0,3712.62,5080.88
209,1,642.87,616.51,143.0,144.0,3.0,3728.1,5916.5
209,2,280.66,269.15,47.0,93.0,49.0,3728.1,5812.05
209,3,60.74,58.25,10.0,69.0,71.0,3728.1,5707.59
209,4,15.77,15.12,2.0,65.0,75.0,3728.1,5603.14
209,5,10.68,10.24,2.0,64.0,76.0,3728.1,5498.69
209,6,10.68,10.24,1.0,64.0,76.0,3728.1,5394.24
209,7,10.68,10.24,1.0,64.0,76.0,3728.1,5289.78
209,8,10.68,10.24,2.0,64.0,76.0,3728.1,5185.33
210,1,617.11,595.46,134.0,142.0,3.0,3743.59,5916.5
210,2,290.67,280.47,49.0,95.0,47.0,3743.59,5812.05
210,3,70.75,68.27,12.0,70.0,71.0,3743.59,5707.59
210,4,25.78,24.88,4.0,66.0,75.0,3743.59,5603.14
210,5,10.68,10.31,1.0,64.0,76.0,3743.59,5498.69
210,6,10.68,10.31,1.0,64.0,76.0,3743.59,5394.24
210,8,10.68,10.31,2.0,64.0,76.0,3743.59,5185.33
211,1,625.48,604.2,137.0,143.0,3.0,3759.07,5916.5
211,2,270.65,261.44,46.0,92.0,50.0,3759.07,5812.05
211,3,40.72,39.33,7.0,67.0,73.0,3759.07,5707.59
211,4,55.65,53.76,9.0,69.0,72.0,3759.07,5603.14
211,5,10.68,10.32,1.0,64.0,76.0,3759.07,5498.69
211,6,10.68,10.32,2.0,64.0,76.0,3759.07,5394.24
211,7,10.68,10.32,1.0,64.0,76.0,3759.07,5289.78
211,8,10.68,10.32,2.0,64.0,76.0,3759.07,5185.33
212,1,710.33,685.49,170.0,155.0,22.0,3774.56,5916.5
212,2,165.61,159.82,27.0,80.0,61.0,3774.56,5812.05
212,3,40.72,39.3,6.0,67.0,74.0,3774.56,5707.59
212,4,30.71,29.64,5.0,66.0,74.0,3774.56,5603.14
212,5,5.76,5.56,0.0,64.0,76.0,3774.56,5498.69
212,6,45.8,44.2,7.0,68.0,73.0,3774.56,5394.24
212,7,15.77,15.22,2.0,65.0,76.0,3774.56,5289.78
212,8,15.77,15.22,2.0,65.0,76.0,3774.56,5185.33
212,18,5.76,5.56,0.0,64.0,76.0,3774.56,4140.8
213,1,587.07,557.28,124.0,140.0,5.0,3790.04,5916.5
213,2,280.66,266.42,47.0,93.0,49.0,3790.04,5812.05
213,3,65.66,62.33,11.0,70.0,71.0,3790.04,5707.59
213,4,20.69,19.64,3.0,65.0,75.0,3790.04,5603.14
213,5,15.77,14.97,2.0,65.0,76.0,3790.04,5498.69
213,6,15.77,14.97,2.0,65.0,76.0,3790.04,5394.24
213,7,15.77,14.97,2.0,65.0,76.0,3790.04,5289.78
213,8,30.71,29.15,5.0,67.0,74.0,3790.04,5185.33
213,18,10.68,10.14,1.0,64.0,76.0,3790.04,4140.8
213,36,10.68,10.14,1.0,64.0,76.0,3790.04,2260.65
214,1,590.52,543.29,125.0,140.0,5.0,3805.52,5916.5
214,2,330.55,304.11,56.0,100.0,43.0,3805.52,5812.05
214,3,60.74,55.88,10.0,69.0,71.0,3805.52,5707.59
214,4,20.69,19.04,3.0,65.0,75.0,3805.52,5603.14
214,5,15.77,14.51,2.0,65.0,76.0,3805.52,5498.69
214,6,15.77,14.51,2.0,65.0,76.0,3805.52,5394.24
214,7,15.77,14.51,2.0,65.0,76.0,3805.52,5289.78
214,8,15.77,14.51,2.0,65.0,76.0,3805.52,5185.33
214,18,10.68,9.83,1.0,64.0,76.0,3805.52,4140.8
214,36,10.68,9.83,1.0,64.0,76.0,3805.52,2260.65
215,1,577.88,545.84,121.0,138.0,7.0,3821.01,5916.5
215,2,265.56,250.84,45.0,92.0,50.0,3821.01,5812.05
215,3,60.74,57.37,10.0,69.0,72.0,3821.01,5707.59
215,4,45.8,43.26,7.0,68.0,73.0,3821.01,5603.14
215,5,45.8,43.26,7.0,68.0,73.0,3821.01,5498.69
215,6,25.78,24.35,4.0,66.0,75.0,3821.01,5394.24
215,8,15.77,14.9,2.0,65.0,76.0,3821.01,5185.33
215,18,10.68,10.09,1.0,64.0,76.0,3821.01,4140.8
215,36,10.68,10.09,1.0,64.0,76.0,3821.01,2260.65
216,1,607.1,548.62,131.0,141.0,3.0,3836.49,5916.5
216,2,270.65,244.58,46.0,93.0,49.0,3836.49,5812.05
216,3,100.79,91.08,17.0,74.0,67.0,3836.49,5707.59
216,4,45.8,41.39,7.0,68.0,73.0,3836.49,5603.14
216,5,45.8,41.39,7.0,68.0,73.0,3836.49,5498.69
216,6,20.69,18.7,3.0,65.0,75.0,3836.49,5394.24
216,8,15.77,14.25,2.0,65.0,76.0,3836.49,5185.33
217,1,590.52,557.19,125.0,140.0,5.0,3851.97,5916.5
217,2,300.52,283.56,51.0,96.0,47.0,3851.97,5812.05
217,3,70.75,66.76,12.0,70.0,70.0,3851.97,5707.59
217,4,25.78,24.32,4.0,66.0,75.0,3851.97,5603.14
217,5,45.8,43.21,7.0,68.0,73.0,3851.97,5498.69
217,6,15.77,14.88,2.0,65.0,75.0,3851.97,5394.24
217,7,10.68,10.08,2.0,64.0,76.0,3851.97,5289.78
218,1,587.07,566.84,124.0,140.0,6.0,3867.46,5916.5
218,2,305.61,295.08,52.0,97.0,46.0,3867.46,5812.05
218,3,90.77,87.64,15.0,72.0,69.0,3867.46,5707.59
218,4,25.78,24.89,4.0,66.0,75.0,3867.46,5603.14
218,6,15.77,15.23,2.0,65.0,75.0,3867.46,5394.24
218,7,10.68,10.31,2.0,64.0,76.0,3867.46,5289.78
219,1,540.46,524.57,109.0,133.0,13.0,3882.94,5916.5
219,2,315.62,306.34,54.0,98.0,45.0,3882.94,5812.05
219,3,85.69,83.17,14.0,72.0,69.0,3882.94,5707.59
219,4,30.71,29.81,5.0,66.0,74.0,3882.94,5603.14
219,6,25.78,25.02,4.0,66.0,75.0,3882.94,5394.24
219,7,10.68,10.37,2.0,64.0,76.0,3882.94,5289.78
219,8,10.68,10.37,1.0,64.0,76.0,3882.94,5185.33
219,16,10.68,10.37,1.0,64.0,76.0,3882.94,4349.71
220,1,440.51,423.38,82.0,116.0,29.0,3898.42,5916.5
220,2,290.67,279.37,49.0,94.0,48.0,3898.42,5812.05
220,3,110.63,106.33,18.0,74.0,67.0,3898.42,5707.59
220,4,55.65,53.49,9.0,69.0,72.0,3898.42,5603.14
220,5,45.8,44.02,7.0,68.0,73.0,3898.42,5498.69
220,6,60.74,58.38,10.0,69.0,71.0,3898.42,5394.24
220,8,25.78,24.78,4.0,66.0,74.0,3898.42,5185.33
220,16,10.68,10.26,1.0,64.0,76.0,3898.42,4349.71
221,1,580.51,504.16,122.0,139.0,6.0,3913.91,5916.5
221,2,290.67,252.44,50.0,95.0,47.0,3913.91,5812.05
221,3,50.73,44.06,8.0,68.0,72.0,3913.91,5707.59
221,4,70.75,61.45,12.0,70.0,71.0,3913.91,5603.14
221,5,45.8,39.78,7.0,68.0,73.0,3913.91,5498.69
221,6,60.74,52.75,10.0,69.0,71.0,3913.91,5394.24
221,8,25.78,22.39,4.0,66.0,74.0,3913.91,5185.33
221,16,10.68,9.28,1.0,64.0,76.0,3913.91,4349.71
221,30,15.77,13.7,2.0,65.0,75.0,3913.91,2887.37
222,1,693.75,571.49,163.0,151.0,16.0,3929.39,5916.5
222,2,280.66,231.2,47.0,93.0,49.0,3929.39,5812.05
222,3,20.69,17.04,3.0,65.0,75.0,3929.39,5707.59
222,4,70.75,58.28,12.0,70.0,71.0,3929.39,5603.14
222,5,45.8,37.73,7.0,68.0,73.0,3929.39,5498.69
222,6,60.74,50.04,10.0,69.0,71.0,3929.39,5394.24
222,8,25.78,21.24,4.0,66.0,74.0,3929.39,5185.33
222,30,15.77,12.99,2.0,65.0,75.0,3929.39,2887.37
223,1,613.83,585.33,132.0,142.0,3.0,3944.88,5916.5
223,2,305.61,291.42,52.0,97.0,46.0,3944.88,5812.05
223,3,40.72,38.83,6.0,67.0,73.0,3944.88,5707.59
223,4,40.72,38.83,6.0,67.0,74.0,3944.88,5603.14
223,5,10.68,10.18,1.0,64.0,76.0,3944.88,5498.69
223,6,10.68,10.18,1.0,64.0,76.0,3944.88,5394.24
223,9,10.68,10.18,1.0,64.0,76.0,3944.88,5080.88
223,30,15.77,15.04,2.0,65.0,75.0,3944.88,2887.37
224,1,633.85,615.79,140.0,143.0,3.0,3960.36,5916.5
224,2,240.62,233.77,40.0,89.0,53.0,3960.36,5812.05
224,3,15.77,15.32,2.0,65.0,75.0,3960.36,5707.59
224,4,55.65,54.06,9.0,69.0,72.0,3960.36,5603.14
224,5,20.69,20.1,3.0,65.0,75.0,3960.36,5498.69
224,6,10.68,10.38,1.0,64.0,76.0,3960.36,5394.24
224,8,20.69,20.1,3.0,65.0,75.0,3960.36,5185.33
224,9,10.68,10.38,1.0,64.0,76.0,3960.36,5080.88
224,12,20.69,20.1,3.0,65.0,75.0,3960.36,4767.52
225,1,510.43,483.41,100.0,128.0,18.0,3975.84,5916.5
225,2,420.49,398.23,77.0,113.0,31.0,3975.84,5812.05
225,3,25.78,24.42,4.0,66.0,75.0,3975.84,5707.59
225,4,20.69,19.59,3.0,65.0,75.0,3975.84,5603.14
225,5,20.69,19.59,3.0,65.0,75.0,3975.84,5498.69
225,6,10.68,10.11,1.0,64.0,76.0,3975.84,5394.24
225,8,20.69,19.59,3.0,65.0,75.0,3975.84,5185.33
225,9,10.68,10.11,1.0,64.0,76.0,3975.84,5080.88
225,12,15.77,14.94,2.0,65.0,75.0,3975.84,4767.52
226,1,685.38,637.02,159.0,149.0,12.0,3991.33,5916.5
226,2,255.55,237.52,43.0,91.0,51.0,3991.33,5812.05
226,3,25.78,23.96,4.0,66.0,75.0,3991.33,5707.59
226,4,20.69,19.23,3.0,65.0,75.0,3991.33,5603.14
226,5,20.69,19.23,3.0,65.0,75.0,3991.33,5498.69
226,6,10.68,9.93,1.0,64.0,76.0,3991.33,5394.24
226,8,20.69,19.23,3.0,65.0,75.0,3991.33,5185.33
226,12,15.77,14.66,2.0,65.0,75.0,3991.33,4767.52
226,20,20.69,19.23,3.0,65.0,75.0,3991.33,3931.9
227,1,460.54,430.27,87.0,119.0,26.0,4006.81,5916.5
227,2,425.58,397.61,78.0,113.0,31.0,4006.81,5812.05
227,3,85.69,80.06,14.0,72.0,69.0,4006.81,5707.59
227,4,30.71,28.69,5.0,66.0,74.0,4006.81,5603.14
227,5,20.69,19.33,3.0,65.0,75.0,4006.81,5498.69
227,6,10.68,9.98,1.0,64.0,76.0,4006.81,5394.24
227,12,15.77,14.73,2.0,65.0,75.0,4006.81,4767.52
227,20,20.69,19.33,3.0,65.0,75.0,4006.81,3931.9
228,1,547.19,510.13,111.0,134.0,12.0,4022.29,5916.5
228,2,300.52,280.17,51.0,96.0,47.0,4022.29,5812.05
228,3,45.8,42.7,7.0,68.0,73.0,4022.29,5707.59
228,4,55.65,51.88,9.0,69.0,72.0,4022.29,5603.14
228,5,20.69,19.29,3.0,65.0,75.0,4022.29,5498.69
228,6,40.72,37.96,6.0,67.0,73.0,4022.29,5394.24
228,7,20.69,19.29,3.0,65.0,75.0,4022.29,5289.78
228,12,20.69,19.29,3.0,65.0,75.0,4022.29,4767.52
228,20,20.69,19.29,3.0,65.0,75.0,4022.29,3931.9
229,1,690.47,656.46,161.0,150.0,14.0,4037.78,5916.5
229,2,130.66,124.22,22.0,76.0,65.0,4037.78,5812.05
229,3,45.8,43.54,7.0,68.0,73.0,4037.78,5707.59
229,4,20.69,19.67,3.0,65.0,75.0,4037.78,5603.14
229,5,15.77,14.99,2.0,65.0,76.0,4037.78,5498.69
229,6,65.66,62.43,11.0,70.0,71.0,4037.78,5394.24
229,7,20.69,19.67,3.0,65.0,75.0,4037.78,5289.78
229,8,20.69,19.67,3.0,65.0,75.0,4037.78,5185.33
229,9,20.69,19.67,3.0,65.0,75.0,4037.78,5080.88
229,12,20.69,19.67,3.0,65.0,75.0,4037.78,4767.52
230,1,750.37,693.71,188.0,167.0,40.0,4053.26,5916.5
230,2,150.68,139.3,25.0,79.0,63.0,4053.26,5812.05
230,3,50.73,46.9,9.0,68.0,72.0,4053.26,5707.59
230,4,10.68,9.87,1.0,64.0,76.0,4053.26,5603.14
230,5,20.69,19.13,3.0,65.0,75.0,4053.26,5498.69
230,6,15.77,14.58,2.0,65.0,75.0,4053.26,5394.24
230,7,20.69,19.13,3.0,65.0,75.0,4053.26,5289.78
230,8,20.69,19.13,3.0,65.0,75.0,4053.26,5185.33
230,9,20.69,19.13,3.0,65.0,75.0,4053.26,5080.88
230,12,20.69,19.13,3.0,65.0,75.0,4053.26,4767.52
231,1,732.81,660.73,180.0,162.0,32.0,4068.74,5916.5
231,2,160.69,144.88,26.0,80.0,62.0,4068.74,5812.05
231,3,40.72,36.71,6.0,67.0,73.0,4068.74,5707.59
231,4,55.65,50.18,9.0,69.0,72.0,4068.74,5603.14
231,5,20.69,18.65,3.0,65.0,75.0,4068.74,5498.69
231,6,15.77,14.22,2.0,65.0,75.0,4068.74,5394.24
231,7,20.69,18.65,3.0,65.0,75.0,4068.74,5289.78
231,8,20.69,18.65,3.0,65.0,75.0,4068.74,5185.33
231,9,20.69,18.65,3.0,65.0,75.0,4068.74,5080.88
231,12,20.69,18.65,3.0,65.0,75.0,4068.74,4767.52
232,1,730.35,705.97,179.0,161.0,31.0,4084.23,5916.5
232,2,160.69,155.33,26.0,80.0,62.0,4084.23,5812.05
232,3,65.66,63.47,11.0,70.0,71.0,4084.23,5707.59
232,4,25.78,24.92,4.0,66.0,75.0,4084.23,5603.14
232,5,20.69,20.0,3.0,65.0,75.0,4084.23,5498.69
232,6,10.68,10.32,1.0,64.0,76.0,4084.23,5394.24
232,12,20.69,20.0,3.0,65.0,75.0,4084.23,4767.52
233,1,662.9,636.53,150.0,146.0,6.0,4099.71,5916.5
233,2,200.57,192.59,33.0,84.0,58.0,4099.71,5812.05
233,3,60.74,58.32,10.0,69.0,72.0,4099.71,5707.59
233,4,80.76,77.55,13.0,71.0,70.0,4099.71,5603.14
233,5,20.69,19.87,3.0,65.0,75.0,4099.71,5498.69
233,6,15.77,15.14,2.0,65.0,75.0,4099.71,5394.24
234,1,597.91,585.38,128.0,141.0,4.0,4115.2,5916.5
234,2,225.68,220.95,37.0,87.0,55.0,4115.2,5812.05
234,3,120.64,118.11,20.0,75.0,66.0,4115.2,5707.59
234,4,40.72,39.87,6.0,67.0,73.0,4115.2,5603.14
234,5,20.69,20.26,3.0,65.0,75.0,4115.2,5498.69
234,6,15.77,15.44,2.0,65.0,75.0,4115.2,5394.24
235,1,662.9,642.81,150.0,146.0,6.0,4130.68,5916.5
235,2,300.52,291.41,51.0,96.0,47.0,4130.68,5812.05
235,3,20.69,20.06,3.0,65.0,75.0,4130.68,5707.59
235,4,10.68,10.36,1.0,64.0,76.0,4130.68,5603.14
235,5,20.69,20.06,3.0,65.0,75.0,4130.68,5498.69
235,6,15.77,15.29,2.0,65.0,75.0,4130.68,5394.24
236,1,485.48,471.82,93.0,123.0,22.0,4146.16,5916.5
236,2,370.6,360.17,66.0,106.0,38.0,4146.16,5812.05
236,3,60.74,59.03,10.0,69.0,71.0,4146.16,5707.59
236,4,65.66,63.81,11.0,70.0,71.0,4146.16,5603.14
236,5,20.69,20.11,3.0,65.0,75.0,4146.16,5498.69
236,8,25.78,25.05,4.0,66.0,75.0,4146.16,5185.33
237,1,583.79,554.8,123.0,139.0,6.0,4161.65,5916.5
237,2,330.55,314.14,57.0,100.0,43.0,4161.65,5812.05
237,3,65.66,62.4,11.0,70.0,71.0,4161.65,5707.59
237,4,25.78,24.5,4.0,66.0,75.0,4161.65,5603.14
237,5,20.69,19.66,3.0,65.0,75.0,4161.65,5498.69
237,8,25.78,24.5,4.0,66.0,75.0,4161.65,5185.33
238,1,775.32,693.35,198.0,175.0,51.0,4177.13,5916.5
238,2,225.68,201.82,37.0,87.0,55.0,4177.13,5812.05
238,3,65.66,58.72,11.0,70.0,71.0,4177.13,5707.59
238,4,25.78,23.05,4.0,66.0,75.0,4177.13,5603.14
238,8,25.78,23.05,4.0,66.0,75.0,4177.13,5185.33
239,1,662.9,659.62,150.0,146.0,6.0,4192.61,5916.5
239,2,250.63,249.39,42.0,90.0,52.0,4192.61,5812.05
239,3,65.66,65.34,11.0,70.0,71.0,4192.61,5707.59
239,4,25.78,25.65,4.0,66.0,74.0,4192.61,5603.14
240,1,617.11,576.84,134.0,142.0,3.0,4208.1,5916.5
240,2,260.64,243.63,44.0,92.0,51.0,4208.1,5812.05
240,3,65.66,61.37,11.0,70.0,71.0,4208.1,5707.59
240,4,95.7,89.45,16.0,73.0,68.0,4208.1,5603.14
240,5,30.71,28.71,5.0,66.0,74.0,4208.1,5498.69
241,1,620.39,605.03,135.0,142.0,3.0,4223.58,5916.5
241,2,280.66,273.71,47.0,94.0,49.0,4223.58,5812.05
241,3,15.77,15.38,2.0,65.0,75.0,4223.58,5707.59
241,4,30.71,29.95,5.0,66.0,74.0,4223.58,5603.14
241,5,15.77,15.38,2.0,65.0,75.0,4223.58,5498.69
241,6,30.71,29.95,5.0,66.0,74.0,4223.58,5394.24
241,18,20.69,20.18,3.0,65.0,75.0,4223.58,4140.8
241,27,10.68,10.42,1.0,64.0,76.0,4223.58,3200.73
242,1,718.37,660.02,174.0,157.0,26.0,4239.07,5916.5
242,2,210.58,193.47,35.0,85.0,57.0,4239.07,5812.05
242,3,40.72,37.41,6.0,67.0,74.0,4239.07,5707.59
242,4,30.71,28.22,5.0,66.0,74.0,4239.07,5603.14
242,5,15.77,14.49,2.0,65.0,75.0,4239.07,5498.69
242,6,30.71,28.22,5.0,66.0,74.0,4239.07,5394.24
242,18,25.78,23.69,4.0,66.0,74.0,4239.07,4140.8
242,27,15.77,14.49,2.0,65.0,75.0,4239.07,3200.73
243,1,677.01,603.28,156.0,148.0,10.0,4254.55,5916.5
243,2,280.66,250.1,47.0,94.0,49.0,4254.55,5812.05
243,3,45.8,40.81,7.0,68.0,73.0,4254.55,5707.59
243,4,30.71,27.37,5.0,66.0,74.0,4254.55,5603.14
243,5,15.77,14.05,2.0,65.0,75.0,4254.55,5498.69
243,6,30.71,27.37,5.0,66.0,74.0,4254.55,5394.24
243,18,25.78,22.97,4.0,66.0,74.0,4254.55,4140.8
243,27,15.77,14.05,2.0,65.0,75.0,4254.55,3200.73
244,1,533.9,509.69,107.0,132.0,14.0,4270.03,5916.5
244,2,390.62,372.91,70.0,108.0,35.0,4270.03,5812.05
244,3,60.74,57.99,10.0,69.0,72.0,4270.03,5707.59
244,4,20.69,19.75,3.0,65.0,75.0,4270.03,5603.14
244,18,25.78,24.61,4.0,66.0,74.0,4270.03,4140.8
244,27,15.77,15.05,2.0,65.0,75.0,4270.03,3200.73
245,1,590.52,571.07,125.0,140.0,5.0,4285.52,5916.5
245,2,270.65,261.74,46.0,92.0,50.0,4285.52,5812.05
245,3,95.7,92.55,16.0,73.0,68.0,4285.52,5707.59
245,4,20.69,20.01,3.0,65.0,75.0,4285.52,5603.14
245,6,30.71,29.7,5.0,67.0,74.0,4285.52,5394.24
245,12,25.78,24.93,4.0,66.0,75.0,4285.52,4767.52
246,1,537.18,518.59,108.0,132.0,14.0,4301.0,5916.5
246,2,330.55,319.11,57.0,100.0,43.0,4301.0,5812.05
246,3,100.79,97.3,17.0,73.0,68.0,4301.0,5707.59
246,4,15.77,15.22,2.0,65.0,76.0,4301.0,5603.14
246,6,25.78,24.89,4.0,66.0,75.0,4301.0,5394.24
246,12,25.78,24.89,4.0,66.0,75.0,4301.0,4767.52
247,1,590.52,557.54,125.0,140.0,5.0,4316.48,5916.5
247,2,300.52,283.74,51.0,96.0,46.0,4316.48,5812.05
247,3,90.77,85.7,15.0,72.0,69.0,4316.48,5707.59
247,4,25.78,24.34,4.0,66.0,74.0,4316.48,5603.14
247,6,25.78,24.34,4.0,66.0,75.0,4316.48,5394.24
247,12,25.78,24.34,4.0,66.0,75.0,4316.48,4767.52
248,1,533.9,484.57,107.0,132.0,14.0,4331.97,5916.5
248,2,425.58,386.26,78.0,113.0,31.0,4331.97,5812.05
248,3,90.77,82.38,15.0,72.0,69.0,4331.97,5707.59
248,4,25.78,23.4,4.0,66.0,75.0,4331.97,5603.14
248,6,25.78,23.4,4.0,66.0,75.0,4331.97,5394.24
249,1,377.16,377.2,67.0,106.0,37.0,4347.45,5916.5
249,2,345.65,345.69,60.0,102.0,41.0,4347.45,5812.05
249,3,100.79,100.8,17.0,73.0,67.0,4347.45,5707.59
249,4,110.63,110.64,19.0,74.0,66.0,4347.45,5603.14
249,5,65.66,65.67,11.0,70.0,71.0,4347.45,5498.69
250,1,507.15,473.38,99.0,127.0,19.0,4362.93,5916.5
250,2,305.61,285.26,52.0,97.0,46.0,4362.93,5812.05
250,3,60.74,56.7,10.0,69.0,71.0,4362.93,5707.59
250,4,70.75,66.04,12.0,70.0,71.0,4362.93,5603.14
250,5,65.66,61.29,11.0,70.0,71.0,4362.93,5498.69
250,6,30.71,28.67,5.0,67.0,74.0,4362.93,5394.24
250,30,30.71,28.67,5.0,67.0,74.0,4362.93,2887.37
251,1,714.43,611.33,171.0,156.0,24.0,4378.42,5916.5
251,2,235.69,201.68,39.0,88.0,54.0,4378.42,5812.05
251,3,20.69,17.7,3.0,65.0,75.0,4378.42,5707.59
251,4,70.75,60.54,12.0,70.0,71.0,4378.42,5603.14
251,5,65.66,56.18,11.0,70.0,71.0,4378.42,5498.69
251,6,30.71,26.28,5.0,67.0,74.0,4378.42,5394.24
251,30,30.71,26.28,5.0,67.0,74.0,4378.42,2887.37
252,1,470.55,446.41,89.0,121.0,24.0,4393.9,5916.5
252,2,390.62,370.58,69.0,108.0,36.0,4393.9,5812.05
252,3,90.77,86.11,15.0,72.0,68.0,4393.9,5707.59
252,4,40.72,38.63,6.0,67.0,73.0,4393.9,5603.14
252,6,30.71,29.13,5.0,67.0,74.0,4393.9,5394.24
252,30,30.71,29.13,5.0,67.0,74.0,4393.9,2887.37
253,1,405.56,406.27,73.0,110.0,33.0,4409.39,5916.5
253,2,460.54,461.34,86.0,119.0,26.0,4409.39,5812.05
253,3,20.69,20.73,3.0,65.0,75.0,4409.39,5707.59
253,4,60.74,60.85,10.0,69.0,71.0,4409.39,5603.14
253,5,50.73,50.82,8.0,68.0,73.0,4409.39,5498.69
254,1,510.43,487.74,100.0,128.0,18.0,4424.87,5916.5
254,2,413.93,395.53,75.0,112.0,32.0,4424.87,5812.05
254,3,20.69,19.77,3.0,65.0,75.0,4424.87,5707.59
254,4,60.74,58.04,10.0,69.0,71.0,4424.87,5603.14
254,5,40.72,38.91,6.0,67.0,74.0,4424.87,5498.69
255,1,727.89,664.29,178.0,160.0,30.0,4440.35,5916.5
255,2,245.7,224.23,41.0,90.0,52.0,4440.35,5812.05
255,3,20.69,18.88,3.0,65.0,75.0,4440.35,5707.59
255,4,60.74,55.43,10.0,69.0,71.0,4440.35,5603.14
255,5,40.72,37.16,6.0,67.0,74.0,4440.35,5498.69
256,1,485.48,481.5,93.0,123.0,22.0,4455.84,5916.5
256,2,360.59,357.63,64.0,104.0,39.0,4455.84,5812.05
256,3,70.75,70.17,12.0,70.0,70.0,4455.84,5707.59
256,4,50.73,50.31,8.0,68.0,72.0,4455.84,5603.14
256,5,40.72,40.39,6.0,67.0,74.0,4455.84,5498.69
257,1,443.8,440.52,82.0,116.0,28.0,4471.32,5916.5
257,2,330.55,328.11,57.0,100.0,43.0,4471.32,5812.05
257,3,90.77,90.1,15.0,72.0,68.0,4471.32,5707.59
257,4,90.77,90.1,15.0,72.0,68.0,4471.32,5603.14
257,6,25.78,25.59,4.0,66.0,75.0,4471.32,5394.24
257,7,25.78,25.59,4.0,66.0,75.0,4471.32,5289.78
258,1,625.48,613.34,137.0,143.0,3.0,4486.8,5916.5
258,2,140.67,137.94,23.0,78.0,64.0,4486.8,5812.05
258,3,50.73,49.75,9.0,68.0,72.0,4486.8,5707.59
258,4,45.8,44.91,7.0,68.0,73.0,4486.8,5603.14
258,6,55.65,54.57,9.0,69.0,72.0,4486.8,5394.24
258,7,50.73,49.75,9.0,68.0,72.0,4486.8,5289.78
258,8,50.73,49.75,9.0,68.0,72.0,4486.8,5185.33
259,1,767.93,693.53,195.0,173.0,48.0,4502.29,5916.5
259,2,130.66,118.0,22.0,77.0,65.0,4502.29,5812.05
259,3,30.71,27.73,5.0,67.0,74.0,4502.29,5707.59
259,4,25.78,23.28,4.0,66.0,74.0,4502.29,5603.14
259,6,50.73,45.82,8.0,68.0,72.0,4502.29,5394.24
259,7,50.73,45.82,9.0,68.0,72.0,4502.29,5289.78
259,8,50.73,45.82,9.0,68.0,72.0,4502.29,5185.33
260,1,735.44,631.43,181.0,162.0,33.0,4517.77,5916.5
260,2,160.69,137.96,26.0,80.0,62.0,4517.77,5812.05
260,3,85.69,73.57,14.0,72.0,69.0,4517.77,5707.59
260,4,30.71,26.37,5.0,66.0,74.0,4517.77,5603.14
260,6,50.73,43.56,8.0,68.0,72.0,4517.77,5394.24
260,7,50.73,43.56,9.0,68.0,72.0,4517.77,5289.78
260,8,50.73,43.56,9.0,68.0,72.0,4517.77,5185.33
261,1,637.13,584.16,141.0,143.0,3.0,4533.26,5916.5
261,2,265.56,243.48,45.0,92.0,50.0,4533.26,5812.05
261,3,90.77,83.22,15.0,72.0,68.0,4533.26,5707.59
261,4,30.71,28.16,5.0,66.0,74.0,4533.26,5603.14
261,5,15.77,14.46,2.0,65.0,76.0,4533.26,5498.69
261,6,50.73,46.51,8.0,68.0,72.0,4533.26,5394.24
262,1,507.15,477.47,99.0,127.0,19.0,4548.74,5916.5
262,2,280.66,264.24,48.0,94.0,49.0,4548.74,5812.05
262,3,120.64,113.58,20.0,76.0,65.0,4548.74,5707.59
262,4,30.71,28.91,5.0,66.0,74.0,4548.74,5603.14
262,5,15.77,14.85,2.0,65.0,76.0,4548.74,5498.69
262,6,50.73,47.76,8.0,68.0,72.0,4548.74,5394.24
262,12,25.78,24.27,4.0,66.0,75.0,4548.74,4767.52
262,18,30.71,28.91,5.0,66.0,74.0,4548.74,4140.8
263,1,480.56,424.74,92.0,122.0,23.0,4564.22,5916.5
263,2,270.65,239.21,46.0,93.0,49.0,4564.22,5812.05
263,3,190.72,168.57,31.0,83.0,58.0,4564.22,5707.59
263,4,50.73,44.84,9.0,68.0,72.0,4564.22,5603.14
263,5,15.77,13.94,2.0,65.0,76.0,4564.22,5498.69
263,6,50.73,44.84,8.0,68.0,72.0,4564.22,5394.24
263,8,15.77,13.94,2.0,65.0,76.0,4564.22,5185.33
263,12,25.78,22.79,4.0,66.0,75.0,4564.22,4767.52
263,18,30.71,27.14,5.0,66.0,74.0,4564.22,4140.8
264,1,650.42,494.47,146.0,145.0,4.0,4579.71,5916.5
264,2,300.52,228.47,51.0,96.0,46.0,4579.71,5812.05
264,3,190.72,144.99,31.0,83.0,58.0,4579.71,5707.59
264,4,50.73,38.57,8.0,68.0,72.0,4579.71,5603.14
264,6,50.73,38.57,8.0,68.0,72.0,4579.71,5394.24
264,8,15.77,11.99,2.0,65.0,76.0,4579.71,5185.33
264,12,25.78,19.6,4.0,66.0,75.0,4579.71,4767.52
264,18,30.71,23.35,5.0,66.0,74.0,4579.71,4140.8
265,1,563.77,549.14,116.0,136.0,9.0,4595.19,5916.5
265,2,340.56,331.72,59.0,101.0,42.0,4595.19,5812.05
265,3,45.8,44.61,7.0,68.0,73.0,4595.19,5707.59
265,4,60.74,59.16,10.0,69.0,71.0,4595.19,5603.14
265,8,15.77,15.36,2.0,65.0,76.0,4595.19,5185.33
266,1,527.17,493.08,105.0,130.0,16.0,4610.67,5916.5
266,2,320.54,299.81,55.0,99.0,44.0,4610.67,5812.05
266,3,160.69,150.3,26.0,79.0,62.0,4610.67,5707.59
266,4,60.74,56.81,10.0,69.0,71.0,4610.67,5603.14
267,1,495.49,408.68,96.0,125.0,20.0,4626.16,5916.5
267,2,495.49,408.68,96.0,125.0,20.0,4626.16,5812.05
267,3,160.69,132.54,26.0,79.0,62.0,4626.16,5707.59
267,4,60.74,50.1,10.0,69.0,71.0,4626.16,5603.14
268,1,577.88,578.34,121.0,139.0,7.0,4641.64,5916.5
268,2,350.58,350.86,61.0,102.0,41.0,4641.64,5812.05
268,3,70.75,70.81,12.0,71.0,70.0,4641.64,5707.59
269,1,400.47,391.13,72.0,110.0,34.0,4657.12,5916.5
269,2,305.61,298.48,52.0,97.0,46.0,4657.12,5812.05
269,3,140.67,137.39,23.0,77.0,64.0,4657.12,5707.59
269,4,95.7,93.47,16.0,73.0,68.0,4657.12,5603.14
269,6,40.72,39.77,6.0,67.0,74.0,4657.12,5394.24
269,9,40.72,39.77,6.0,67.0,74.0,4657.12,5080.88
270,1,435.59,362.64,80.0,115.0,29.0,4672.61,5916.5
270,2,340.56,283.52,59.0,101.0,42.0,4672.61,5812.05
270,3,140.67,117.11,23.0,77.0,64.0,4672.61,5707.59
270,4,90.77,75.57,15.0,72.0,69.0,4672.61,5603.14
270,5,30.71,25.57,5.0,66.0,74.0,4672.61,5498.69
270,6,60.74,50.57,10.0,69.0,71.0,4672.61,5394.24
270,9,40.72,33.9,6.0,67.0,74.0,4672.61,5080.88
270,18,5.76,4.8,0.0,64.0,76.0,4672.61,4140.8
270,27,55.65,46.33,9.0,69.0,72.0,4672.61,3200.73
271,1,690.47,532.41,161.0,150.0,14.0,4688.09,5916.5
271,2,205.66,158.58,34.0,85.0,57.0,4688.09,5812.05
271,3,140.67,108.47,23.0,77.0,64.0,4688.09,5707.59
271,4,90.77,69.99,15.0,72.0,69.0,4688.09,5603.14
271,5,55.65,42.91,9.0,69.0,72.0,4688.09,5498.69
271,6,5.76,4.44,0.0,64.0,76.0,4688.09,5394.24
271,9,40.72,31.4,6.0,67.0,74.0,4688.09,5080.88
271,18,5.76,4.44,0.0,64.0,76.0,4688.09,4140.8
271,27,20.69,15.95,3.0,65.0,75.0,4688.09,3200.73
271,54,40.72,31.4,7.0,67.0,73.0,4688.09,380.5
272,1,838.34,682.09,219.0,194.0,83.0,4703.58,5916.5
272,2,130.66,106.31,21.0,76.0,65.0,4703.58,5812.05
272,3,40.72,33.13,6.0,67.0,74.0,4703.58,5707.59
272,4,90.77,73.85,15.0,72.0,69.0,4703.58,5603.14
272,5,55.65,45.28,9.0,69.0,72.0,4703.58,5498.69
272,6,5.76,4.69,0.0,64.0,76.0,4703.58,5394.24
272,18,5.76,4.69,0.0,64.0,76.0,4703.58,4140.8
272,27,20.69,16.83,3.0,65.0,75.0,4703.58,3200.73
272,54,40.72,33.13,7.0,67.0,73.0,4703.58,380.5
273,1,455.45,403.2,85.0,118.0,27.0,4719.06,5916.5
273,2,390.62,345.81,70.0,108.0,35.0,4719.06,5812.05
273,3,160.69,142.26,26.0,80.0,62.0,4719.06,5707.59
273,5,55.65,49.27,9.0,69.0,72.0,4719.06,5498.69
273,6,5.76,5.1,0.0,64.0,76.0,4719.06,5394.24
273,27,20.69,18.32,3.0,65.0,75.0,4719.06,3200.73
273,54,40.72,36.05,7.0,67.0,73.0,4719.06,380.5
274,1,460.54,454.84,87.0,119.0,26.0,4734.54,5916.5
274,2,360.59,356.13,63.0,104.0,39.0,4734.54,5812.05
274,3,160.69,158.7,26.0,79.0,62.0,4734.54,5707.59
274,12,30.71,30.33,5.0,66.0,74.0,4734.54,4767.52
275,1,500.58,484.8,97.0,126.0,20.0,4750.03,5916.5
275,2,330.55,320.13,57.0,100.0,43.0,4750.03,5812.05
275,3,170.7,165.32,28.0,81.0,60.0,4750.03,5707.59
275,12,30.71,29.74,5.0,66.0,74.0,4750.03,4767.52
276,1,543.75,522.12,110.0,134.0,12.0,4765.51,5916.5
276,2,355.5,341.36,62.0,103.0,40.0,4765.51,5812.05
276,3,70.75,67.94,12.0,70.0,71.0,4765.51,5707.59
276,4,40.72,39.1,6.0,67.0,74.0,4765.51,5603.14
276,12,30.71,29.49,5.0,66.0,74.0,4765.51,4767.52
277,1,653.71,588.49,147.0,145.0,5.0,4780.99,5916.5
277,2,345.65,311.16,60.0,102.0,41.0,4780.99,5812.05
277,3,70.75,63.69,12.0,70.0,71.0,4780.99,5707.59
277,4,40.72,36.66,6.0,67.0,74.0,4780.99,5603.14
278,1,630.4,622.6,139.0,143.0,3.0,4796.48,5916.5
278,2,225.68,222.89,37.0,87.0,55.0,4796.48,5812.05
278,3,95.7,94.52,16.0,73.0,68.0,4796.48,5707.59
278,4,60.74,59.99,10.0,69.0,72.0,4796.48,5603.14
279,1,677.01,586.67,156.0,148.0,10.0,4811.96,5916.5
279,2,320.54,277.77,55.0,99.0,44.0,4811.96,5812.05
279,3,95.7,82.93,16.0,73.0,68.0,4811.96,5707.59
279,4,60.74,52.63,10.0,69.0,72.0,4811.96,5603.14
280,1,430.5,371.94,78.0,114.0,31.0,4827.44,5916.5
280,2,570.5,492.9,118.0,137.0,8.0,4827.44,5812.05
280,3,95.7,82.68,16.0,73.0,68.0,4827.44,5707.59
280,4,60.74,52.48,10.0,69.0,72.0,4827.44,5603.14
281,1,555.4,559.98,114.0,135.0,10.0,4842.93,5916.5
281,2,390.62,393.84,70.0,109.0,35.0,4842.93,5812.05
281,3,45.8,46.18,7.0,68.0,73.0,4842.93,5707.59
282,1,90.77,90.72,15.0,72.0,68.0,4858.41,5916.5
282,2,698.35,697.98,165.0,152.0,18.0,4858.41,5812.05
282,3,120.64,120.58,20.0,76.0,65.0,4858.41,5707.59
282,4,90.77,90.72,15.0,72.0,68.0,4858.41,5603.14
283,1,417.21,375.4,76.0,112.0,32.0,4873.9,5916.5
283,2,475.47,427.83,90.0,121.0,24.0,4873.9,5812.05
283,3,30.71,27.63,5.0,66.0,74.0,4873.9,5707.59
283,4,90.77,81.67,15.0,72.0,68.0,4873.9,5603.14
283,5,45.8,41.21,7.0,68.0,73.0,4873.9,5498.69
283,6,30.71,27.63,5.0,66.0,74.0,4873.9,5394.24
283,12,20.69,18.62,3.0,65.0,75.0,4873.9,4767.52
284,1,617.11,543.08,134.0,142.0,3.0,4889.38,5916.5
284,2,280.66,246.99,47.0,93.0,49.0,4889.38,5812.05
284,3,30.71,27.03,5.0,66.0,74.0,4889.38,5707.59
284,4,110.63,97.36,18.0,74.0,67.0,4889.38,5603.14
284,5,45.8,40.31,7.0,68.0,73.0,4889.38,5498.69
284,6,30.71,27.03,5.0,66.0,74.0,4889.38,5394.24
284,12,20.69,18.21,3.0,65.0,75.0,4889.38,4767.52
285,1,140.67,126.5,23.0,77.0,64.0,4904.86,5916.5
285,2,577.88,519.67,121.0,138.0,7.0,4904.86,5812.05
285,3,200.57,180.37,33.0,84.0,58.0,4904.86,5707.59
285,4,95.7,86.06,16.0,73.0,68.0,4904.86,5603.14
285,5,45.8,41.19,7.0,68.0,73.0,4904.86,5498.69
285,6,30.71,27.62,5.0,66.0,74.0,4904.86,5394.24
285,12,20.69,18.61,3.0,65.0,75.0,4904.86,4767.52
286,1,747.09,679.68,187.0,166.0,39.0,4920.35,5916.5
286,2,85.69,77.96,14.0,72.0,69.0,4920.35,5812.05
286,3,170.7,155.3,28.0,81.0,60.0,4920.35,5707.59
286,4,95.7,87.06,16.0,73.0,68.0,4920.35,5603.14
287,1,440.51,344.49,82.0,116.0,29.0,4935.83,5916.5
287,2,165.61,129.51,27.0,80.0,61.0,4935.83,5812.05
287,3,170.7,133.49,28.0,81.0,60.0,4935.83,5707.59
287,4,95.7,74.84,16.0,73.0,68.0,4935.83,5603.14
287,6,175.62,137.34,29.0,81.0,60.0,4935.83,5394.24
287,7,230.6,180.33,38.0,87.0,55.0,4935.83,5289.78
288,1,550.47,442.81,112.0,134.0,12.0,4951.31,5916.5
288,2,150.68,121.21,25.0,79.0,63.0,4951.31,5812.05
288,3,225.68,181.54,37.0,87.0,55.0,4951.31,5707.59
288,6,85.69,68.93,14.0,72.0,69.0,4951.31,5394.24
288,7,230.6,185.5,38.0,87.0,55.0,4951.31,5289.78
289,1,750.37,567.16,188.0,167.0,40.0,4966.8,5916.5
289,2,90.77,68.61,15.0,72.0,69.0,4966.8,5812.05
289,3,165.61,125.17,27.0,80.0,61.0,4966.8,5707.59
289,6,85.69,64.77,14.0,72.0,69.0,4966.8,5394.24
289,7,230.6,174.3,38.0,87.0,55.0,4966.8,5289.78
290,1,750.37,690.08,188.0,167.0,40.0,4982.28,5916.5
290,2,130.66,120.16,21.0,76.0,65.0,4982.28,5812.05
290,3,120.64,110.95,20.0,76.0,66.0,4982.28,5707.59
290,6,85.69,78.81,14.0,72.0,69.0,4982.28,5394.24
291,1,235.69,229.02,39.0,88.0,54.0,4997.77,5916.5
291,2,285.58,277.5,48.0,94.0,48.0,4997.77,5812.05
291,3,160.69,156.14,26.0,79.0,62.0,4997.77,5707.59
291,6,115.72,112.45,19.0,75.0,66.0,4997.77,5394.24
291,12,5.76,5.6,0.0,64.0,76.0,4997.77,4767.52
291,24,225.68,219.29,37.0,87.0,55.0,4997.77,3514.08
292,1,250.63,186.38,42.0,90.0,52.0,5013.25,5916.5
292,2,495.49,368.47,96.0,125.0,20.0,5013.25,5812.05
292,3,180.71,134.38,30.0,82.0,59.0,5013.25,5707.59
292,4,70.75,52.61,12.0,70.0,70.0,5013.25,5603.14
292,6,115.72,86.05,19.0,75.0,66.0,5013.25,5394.24
292,12,5.76,4.28,0.0,64.0,76.0,5013.25,4767.52
292,24,225.68,167.82,37.0,87.0,55.0,5013.25,3514.08
293,1,370.6,261.03,66.0,105.0,38.0,5028.73,5916.5
293,2,500.58,352.58,97.0,126.0,20.0,5028.73,5812.05
293,3,130.66,92.03,21.0,76.0,65.0,5028.73,5707.59
293,4,70.75,49.83,12.0,70.0,70.0,5028.73,5603.14
293,6,115.72,81.51,19.0,75.0,66.0,5028.73,5394.24
293,12,5.76,4.06,0.0,64.0,76.0,5028.73,4767.52
293,24,225.68,158.96,37.0,87.0,55.0,5028.73,3514.08
294,1,495.49,439.49,96.0,125.0,20.0,5044.22,5916.5
294,2,400.47,355.21,72.0,110.0,34.0,5044.22,5812.05
294,3,130.66,115.89,21.0,76.0,65.0,5044.22,5707.59
294,4,100.79,89.4,17.0,74.0,67.0,5044.22,5603.14
295,1,662.9,538.95,150.0,146.0,6.0,5059.7,5916.5
295,2,335.64,272.88,58.0,101.0,42.0,5059.7,5812.05
295,3,130.66,106.23,21.0,76.0,65.0,5059.7,5707.59
295,4,100.79,81.94,17.0,74.0,67.0,5059.7,5603.14
296,1,330.55,301.86,58.0,100.0,43.0,5075.18,5916.5
296,2,663.72,606.1,151.0,146.0,6.0,5075.18,5812.05
296,4,100.79,92.04,17.0,74.0,67.0,5075.18,5603.14
297,1,430.5,430.07,79.0,114.0,30.0,5090.67,5916.5
297,2,570.5,569.93,118.0,137.0,8.0,5090.67,5812.05
298,1,145.75,143.93,24.0,78.0,63.0,5106.15,5916.5
298,2,430.5,425.11,79.0,114.0,30.0,5106.15,5812.05
298,3,290.67,287.03,49.0,94.0,48.0,5106.15,5707.59
298,9,145.75,143.93,24.0,78.0,63.0,5106.15,5080.88
299,1,495.49,433.37,96.0,125.0,20.0,5121.63,5916.5
299,2,300.52,262.84,52.0,96.0,46.0,5121.63,5812.05
299,3,100.79,88.15,17.0,74.0,67.0,5121.63,5707.59
299,4,100.79,88.15,17.0,74.0,67.0,5121.63,5603.14
299,9,145.75,127.48,24.0,78.0,63.0,5121.63,5080.88
300,1,620.39,454.57,135.0,142.0,3.0,5137.12,5916.5
300,2,120.64,88.4,20.0,75.0,66.0,5137.12,5812.05
300,3,100.79,73.85,17.0,74.0,67.0,5137.12,5707.59
300,4,100.79,73.85,17.0,74.0,67.0,5137.12,5603.14
300,6,140.67,103.07,23.0,77.0,64.0,5137.12,5394.24
300,9,145.75,106.79,24.0,78.0,63.0,5137.12,5080.88
300,14,135.74,99.46,22.0,77.0,64.0,5137.12,4558.61
301,1,800.27,542.96,207.0,183.0,64.0,5152.6,5916.5
301,2,195.65,132.74,32.0,84.0,58.0,5152.6,5812.05
301,3,100.79,68.38,17.0,74.0,67.0,5152.6,5707.59
301,4,100.79,68.38,17.0,74.0,67.0,5152.6,5603.14
301,6,140.67,95.44,23.0,77.0,64.0,5152.6,5394.24
301,14,135.74,92.1,22.0,77.0,64.0,5152.6,4558.61
302,1,495.49,390.95,96.0,125.0,20.0,5168.09,5916.5
302,2,495.49,390.95,96.0,125.0,20.0,5168.09,5812.05
302,6,140.67,110.99,23.0,77.0,64.0,5168.09,5394.24
302,14,135.74,107.1,22.0,77.0,64.0,5168.09,4558.61
303,1,495.49,332.2,96.0,125.0,20.0,5183.57,5916.5
303,2,495.49,332.2,96.0,125.0,21.0,5183.57,5812.05
303,3,500.58,335.61,97.0,125.0,20.0,5183.57,5707.59
304,1,290.67,192.08,49.0,95.0,48.0,5199.05,5916.5
304,2,495.49,327.43,96.0,125.0,21.0,5199.05,5812.05
304,3,145.75,96.32,24.0,78.0,63.0,5199.05,5707.59
304,4,290.67,192.08,49.0,95.0,48.0,5199.05,5603.14
304,8,290.67,192.08,49.0,94.0,48.0,5199.05,5185.33
305,1,335.64,212.01,58.0,101.0,42.0,5214.54,5916.5
305,2,335.64,212.01,58.0,101.0,42.0,5214.54,5812.05
305,3,330.55,208.79,58.0,100.0,43.0,5214.54,5707.59
305,4,290.67,183.6,49.0,95.0,48.0,5214.54,5603.14
305,8,290.67,183.6,49.0,94.0,48.0,5214.54,5185.33
306,1,550.47,288.51,112.0,135.0,11.0,5230.02,5916.5
306,2,445.6,233.55,83.0,116.0,28.0,5230.02,5812.05
306,3,330.55,173.25,58.0,100.0,43.0,5230.02,5707.59
306,4,290.67,152.35,49.0,95.0,48.0,5230.02,5603.14
306,8,290.67,152.35,49.0,94.0,48.0,5230.02,5185.33
307,1,495.49,494.58,96.0,125.0,21.0,5245.5,5916.5
307,2,335.64,335.03,58.0,101.0,42.0,5245.5,5812.05
307,3,170.7,170.39,28.0,81.0,61.0,5245.5,5707.59
308,1,543.75,543.73,110.0,133.0,13.0,5260.99,5916.5
308,2,360.59,360.58,64.0,104.0,39.0,5260.99,5812.05
308,3,95.7,95.7,16.0,73.0,68.0,5260.99,5707.59
309,1,290.67,265.04,49.0,95.0,48.0,5276.47,5916.5
309,2,710.33,647.7,170.0,155.0,22.0,5276.47,5812.05
309,3,95.7,87.26,16.0,73.0,68.0,5276.47,5707.59
310,1,417.21,382.48,76.0,112.0,32.0,5291.96,5916.5
310,2,577.88,529.78,121.0,138.0,7.0,5291.96,5812.05
310,3,95.7,87.73,16.0,73.0,68.0,5291.96,5707.59
311,1,400.47,401.78,72.0,110.0,34.0,5307.44,5916.5
311,2,495.49,497.11,96.0,125.0,20.0,5307.44,5812.05
311,3,100.79,101.12,17.0,74.0,67.0,5307.44,5707.59
312,1,40.72,37.02,6.0,67.0,74.0,5322.92,5916.5
312,2,958.31,871.33,248.0,222.0,138.0,5322.92,5812.05
312,3,100.79,91.64,17.0,74.0,67.0,5322.92,5707.59
313,1,40.72,35.72,6.0,67.0,74.0,5338.41,5916.5
313,2,350.58,307.51,61.0,102.0,41.0,5338.41,5812.05
313,3,100.79,88.41,17.0,74.0,67.0,5338.41,5707.59
313,4,647.96,568.36,145.0,144.0,4.0,5338.41,5603.14
314,1,205.66,203.12,34.0,85.0,57.0,5353.89,5916.5
314,2,490.57,484.5,95.0,124.0,21.0,5353.89,5812.05
314,3,205.66,203.12,34.0,85.0,57.0,5353.89,5707.59
314,4,110.63,109.26,18.0,74.0,67.0,5353.89,5603.14
315,1,743.64,466.09,185.0,165.0,37.0,5369.37,5916.5
315,2,490.57,307.48,95.0,124.0,21.0,5369.37,5812.05
315,3,250.63,157.09,42.0,90.0,52.0,5369.37,5707.59
315,4,110.63,69.34,18.0,74.0,67.0,5369.37,5603.14
316,1,250.63,143.73,42.0,90.0,52.0,5384.86,5916.5
316,2,490.57,281.34,95.0,124.0,21.0,5384.86,5812.05
316,3,250.63,143.73,42.0,90.0,52.0,5384.86,5707.59
316,4,250.63,143.73,42.0,90.0,52.0,5384.86,5603.14
316,5,250.63,143.73,42.0,90.0,52.0,5384.86,5498.69
316,6,250.63,143.73,42.0,90.0,52.0,5384.86,5394.24
317,1,255.55,144.78,43.0,91.0,51.0,5400.34,5916.5
317,2,250.63,141.99,42.0,90.0,52.0,5400.34,5812.05
317,3,250.63,141.99,42.0,90.0,52.0,5400.34,5707.59
317,4,250.63,141.99,42.0,90.0,52.0,5400.34,5603.14
317,5,250.63,141.99,42.0,90.0,52.0,5400.34,5498.69
317,6,370.6,209.96,65.0,105.0,38.0,5400.34,5394.24
317,7,110.63,62.68,18.0,74.0,67.0,5400.34,5289.78
317,14,25.78,14.61,4.0,66.0,75.0,5400.34,4558.61
318,1,1000.0,442.69,255.0,229.0,153.0,5415.82,5916.5
318,2,250.63,110.95,42.0,90.0,52.0,5415.82,5812.05
318,4,250.63,110.95,42.0,90.0,52.0,5415.82,5603.14
318,5,250.63,110.95,42.0,90.0,52.0,5415.82,5498.69
318,6,370.6,164.06,65.0,105.0,38.0,5415.82,5394.24
318,7,110.63,48.98,18.0,74.0,67.0,5415.82,5289.78
318,14,25.78,11.41,4.0,66.0,75.0,5415.82,4558.61
319,1,1000.0,399.8,255.0,229.0,153.0,5431.31,5916.5
319,2,663.72,265.35,151.0,146.0,6.0,5431.31,5812.05
319,3,330.55,132.15,58.0,100.0,43.0,5431.31,5707.59
319,6,370.6,148.16,65.0,105.0,38.0,5431.31,5394.24
319,7,110.63,44.23,18.0,74.0,67.0,5431.31,5289.78
319,14,25.78,10.31,4.0,66.0,75.0,5431.31,4558.61
320,1,205.66,123.06,34.0,85.0,57.0,5446.79,5916.5
320,2,663.72,397.16,151.0,146.0,6.0,5446.79,5812.05
320,3,250.63,149.97,42.0,90.0,52.0,5446.79,5707.59
320,6,350.58,209.78,61.0,102.0,41.0,5446.79,5394.24
320,24,200.57,120.02,33.0,84.0,57.0,5446.79,3514.08
321,1,205.66,102.45,34.0,85.0,57.0,5462.28,5916.5
321,2,1000.0,498.15,255.0,229.0,153.0,5462.28,5812.05
321,3,250.63,124.85,42.0,90.0,52.0,5462.28,5707.59
321,6,350.58,174.64,61.0,102.0,41.0,5462.28,5394.24
321,24,200.57,99.91,33.0,84.0,57.0,5462.28,3514.08
322,1,205.66,117.45,34.0,85.0,57.0,5477.76,5916.5
322,2,330.55,188.77,58.0,100.0,43.0,5477.76,5812.05
322,3,663.72,379.03,151.0,146.0,6.0,5477.76,5707.59
322,6,350.58,200.21,61.0,102.0,41.0,5477.76,5394.24
322,24,200.57,114.54,33.0,84.0,57.0,5477.76,3514.08
323,1,495.49,299.44,96.0,125.0,20.0,5493.24,5916.5
323,2,495.49,299.44,96.0,125.0,20.0,5493.24,5812.05
323,3,663.72,401.11,151.0,146.0,6.0,5493.24,5707.59
324,1,1000.0,463.13,255.0,229.0,153.0,5508.73,5916.5
324,2,495.49,229.48,96.0,125.0,20.0,5508.73,5812.05
324,3,663.72,307.39,151.0,146.0,6.0,5508.73,5707.59
325,1,330.55,332.45,58.0,100.0,43.0,5524.21,5916.5
325,2,663.72,667.55,151.0,146.0,6.0,5524.21,5812.05
326,1,495.49,500.0,96.0,125.0,20.0,5539.69,5916.5
326,2,495.49,500.0,96.0,125.0,20.0,5539.69,5812.05
327,1,495.49,500.0,96.0,125.0,20.0,5555.18,5916.5
327,2,495.49,500.0,96.0,125.0,20.0,5555.18,5812.05
328,1,595.44,591.44,127.0,141.0,4.0,5570.66,5916.5
328,2,205.66,204.28,34.0,85.0,57.0,5570.66,5812.05
328,3,205.66,204.28,34.0,85.0,57.0,5570.66,5707.59
329,1,577.88,475.47,121.0,139.0,7.0,5586.14,5916.5
329,2,410.48,337.74,74.0,111.0,33.0,5586.14,5812.05
329,3,205.66,169.21,34.0,85.0,57.0,5586.14,5707.59
329,4,10.68,8.79,1.0,64.0,76.0,5586.14,5603.14
329,6,10.68,8.79,1.0,64.0,76.0,5586.14,5394.24
330,1,577.88,320.17,121.0,139.0,7.0,5601.63,5916.5
330,2,1000.0,554.05,255.0,229.0,153.0,5601.63,5812.05
330,3,205.66,113.95,34.0,85.0,57.0,5601.63,5707.59
330,4,10.68,5.92,1.0,64.0,76.0,5601.63,5603.14
330,6,10.68,5.92,1.0,64.0,76.0,5601.63,5394.24
331,1,495.49,489.45,96.0,125.0,20.0,5617.11,5916.5
331,2,495.49,489.45,96.0,125.0,20.0,5617.11,5812.05
331,4,10.68,10.55,1.0,64.0,76.0,5617.11,5603.14
331,6,10.68,10.55,1.0,64.0,76.0,5617.11,5394.24
332,1,495.49,500.0,96.0,125.0,20.0,5632.6,5916.5
332,2,495.49,500.0,96.0,125.0,20.0,5632.6,5812.05
333,1,495.49,250.0,96.0,125.0,20.0,5648.08,5916.5
333,2,495.49,250.0,96.0,125.0,20.0,5648.08,5812.05
333,4,495.49,250.0,96.0,125.0,20.0,5648.08,5603.14
333,8,495.49,250.0,96.0,125.0,20.0,5648.08,5185.33
334,4,495.49,500.0,96.0,125.0,20.0,5663.56,5603.14
334,8,495.49,500.0,96.0,125.0,20.0,5663.56,5185.33
335,1,1000.0,502.27,255.0,229.0,153.0,5679.05,5916.5
335,4,495.49,248.87,96.0,125.0,20.0,5679.05,5603.14
335,8,495.49,248.87,96.0,125.0,20.0,5679.05,5185.33
336,1,1000.0,1000.0,255.0,229.0,153.0,5694.53,5916.5
337,1,663.72,667.55,151.0,146.0,6.0,5710.01,5916.5
337,6,330.55,332.45,58.0,100.0,43.0,5710.01,5394.24
338,1,495.49,374.94,96.0,125.0,20.0,5725.5,5916.5
338,2,495.49,374.94,96.0,125.0,20.0,5725.5,5812.05
338,6,330.55,250.13,58.0,100.0,43.0,5725.5,5394.24
339,1,400.47,301.91,72.0,110.0,34.0,5740.98,5916.5
339,2,595.44,448.89,127.0,141.0,4.0,5740.98,5812.05
339,6,330.55,249.2,58.0,100.0,43.0,5740.98,5394.24
340,1,290.67,290.38,49.0,95.0,48.0,5756.47,5916.5
340,2,710.33,709.62,170.0,155.0,22.0,5756.47,5812.05
341,1,290.67,290.38,49.0,95.0,48.0,5771.95,5916.5
341,2,710.33,709.62,170.0,155.0,22.0,5771.95,5812.05
342,1,290.67,290.38,49.0,95.0,48.0,5787.43,5916.5
342,2,710.33,709.62,170.0,155.0,22.0,5787.43,5812.05
344,3,1000.0,1000.0,255.0,229.0,153.0,5818.4,5707.59
345,3,1000.0,500.2,255.0,229.0,153.0,5833.88,5707.59
345,4,330.55,165.34,58.0,100.0,43.0,5833.88,5603.14
345,5,662.9,331.58,150.0,146.0,6.0,5833.88,5498.69
345,10,5.76,2.88,0.0,64.0,76.0,5833.88,4976.42
346,1,495.49,165.39,96.0,125.0,20.0,5849.37,5916.5
346,2,250.63,83.66,42.0,90.0,52.0,5849.37,5812.05
346,3,1000.0,333.78,255.0,229.0,153.0,5849.37,5707.59
346,4,330.55,110.33,58.0,100.0,43.0,5849.37,5603.14
346,5,662.9,221.26,150.0,146.0,6.0,5849.37,5498.69
346,6,250.63,83.66,42.0,90.0,52.0,5849.37,5394.24
346,10,5.76,1.92,0.0,64.0,76.0,5849.37,4976.42
347,1,1000.0,399.92,255.0,229.0,153.0,5864.85,5916.5
347,2,250.63,100.23,42.0,90.0,52.0,5864.85,5812.05
347,4,330.55,132.2,58.0,100.0,43.0,5864.85,5603.14
347,5,662.9,265.11,150.0,146.0,6.0,5864.85,5498.69
347,6,250.63,100.23,42.0,90.0,52.0,5864.85,5394.24
347,10,5.76,2.3,0.0,64.0,76.0,5864.85,4976.42
348,1,1000.0,666.11,255.0,229.0,153.0,5880.33,5916.5
348,2,250.63,166.95,42.0,90.0,52.0,5880.33,5812.05
348,6,250.63,166.95,42.0,90.0,52.0,5880.33,5394.24
349,1,1000.0,499.75,255.0,229.0,153.0,5895.82,5916.5
349,3,315.62,157.73,54.0,98.0,45.0,5895.82,5707.59
349,6,685.38,342.52,159.0,149.0,13.0,5895.82,5394.24
350,3,315.62,315.3,54.0,98.0,45.0,5911.3,5707.59
350,6,685.38,684.7,159.0,149.0,13.0,5911.3,5394.24
351,3,315.62,315.3,54.0,98.0,45.0,5926.79,5707.59
351,6,685.38,684.7,159.0,149.0,13.0,5926.79,5394.24
354,1,1000.0,1000.0,255.0,229.0,153.0,5973.24,5916.5
355,1,1000.0,1000.0,255.0,229.0,153.0,5988.72,5916.5
356,1,495.49,500.0,96.0,125.0,20.0,6004.2,5916.5
356,2,495.49,500.0,96.0,125.0,20.0,6004.2,5812.05
357,1,793.7,794.21,205.0,181.0,61.0,6019.69,5916.5
357,2,205.66,205.79,34.0,85.0,57.0,6019.69,5812.05
358,1,793.7,794.21,205.0,181.0,61.0,6035.17,5916.5
358,2,205.66,205.79,34.0,85.0,57.0,6035.17,5812.05
359,1,793.7,794.21,205.0,181.0,61.0,6050.66,5916.5
359,2,205.66,205.79,34.0,85.0,57.0,6050.66,5812.05
365,1,990.32,982.85,254.0,229.0,152.0,6143.56,5916.5
365,2,5.76,5.72,0.0,64.0,76.0,6143.56,5812.05
365,6,5.76,5.72,0.0,64.0,76.0,6143.56,5394.24
365,11,5.76,5.72,0.0,64.0,76.0,6143.56,4871.97
366,1,990.32,982.85,254.0,229.0,152.0,6159.04,5916.5
366,2,5.76,5.72,0.0,64.0,76.0,6159.04,5812.05
366,6,5.76,5.72,0.0,64.0,76.0,6159.04,5394.24
366,11,5.76,5.72,0.0,64.0,76.0,6159.04,4871.97
367,1,990.32,982.85,254.0,229.0,152.0,6174.52,5916.5
367,2,5.76,5.72,0.0,64.0,76.0,6174.52,5812.05
367,6,5.76,5.72,0.0,64.0,76.0,6174.52,5394.24
367,11,5.76,5.72,0.0,64.0,76.0,6174.52,4871.97
368,2,1000.0,1000.0,255.0,229.0,153.0,6190.01,5812.05
369,2,1000.0,1000.0,255.0,229.0,153.0,6205.49,5812.05
370,2,1000.0,1000.0,255.0,229.0,153.0,6220.98,5812.05
371,2,1000.0,1000.0,255.0,229.0,153.0,6236.46,5812.05
374,3,330.55,330.81,58.0,100.0,43.0,6282.91,5707.59
374,4,662.9,663.42,150.0,146.0,6.0,6282.91,5603.14
374,8,5.76,5.76,0.0,64.0,76.0,6282.91,5185.33
375,2,495.49,248.97,96.0,125.0,20.0,6298.39,5812.05
375,3,330.55,166.09,58.0,100.0,43.0,6298.39,5707.59
375,4,662.9,333.08,150.0,146.0,6.0,6298.39,5603.14
375,6,495.49,248.97,96.0,125.0,20.0,6298.39,5394.24
375,8,5.76,2.89,0.0,64.0,76.0,6298.39,5185.33
376,1,1000.0,333.78,255.0,229.0,153.0,6313.88,5916.5
376,2,495.49,165.39,96.0,125.0,20.0,6313.88,5812.05
376,3,330.55,110.33,58.0,100.0,43.0,6313.88,5707.59
376,4,662.9,221.27,150.0,146.0,6.0,6313.88,5603.14
376,5,5.76,1.92,0.0,64.0,76.0,6313.88,5498.69
376,6,495.49,165.39,96.0,125.0,20.0,6313.88,5394.24
376,8,5.76,1.92,0.0,64.0,76.0,6313.88,5185.33
377,1,1000.0,500.82,255.0,229.0,153.0,6329.36,5916.5
377,2,495.49,248.15,96.0,125.0,20.0,6329.36,5812.05
377,5,5.76,2.88,0.0,64.0,76.0,6329.36,5498.69
377,6,495.49,248.15,96.0,125.0,20.0,6329.36,5394.24
378,1,1000.0,994.27,255.0,229.0,153.0,6344.84,5916.5
378,5,5.76,5.73,0.0,64.0,76.0,6344.84,5498.69
385,2,1000.0,1000.0,255.0,229.0,153.0,6453.23,5812.05
386,1,743.64,747.93,185.0,165.0,37.0,6468.71,5916.5
386,2,250.63,252.07,42.0,90.0,52.0,6468.71,5812.05
387,1,743.64,747.93,185.0,165.0,37.0,6484.2,5916.5
387,2,250.63,252.07,42.0,90.0,52.0,6484.2,5812.05
388,1,743.64,747.93,185.0,165.0,37.0,6499.68,5916.5
388,2,250.63,252.07,42.0,90.0,52.0,6499.68,5812.05
398,2,1000.0,1000.0,255.0,229.0,153.0,6654.52,5812.05
399,2,1000.0,1000.0,255.0,229.0,153.0,6670.0,5812.05
400,2,1000.0,1000.0,255.0,229.0,153.0,6685.49,5812.05
403,2,330.55,328.92,58.0,100.0,43.0,6731.94,5812.05
403,3,662.9,659.62,150.0,146.0,6.0,6731.94,5707.59
403,6,5.76,5.73,0.0,64.0,76.0,6731.94,5394.24
403,9,5.76,5.73,0.0,64.0,76.0,6731.94,5080.88
404,2,330.55,328.92,58.0,100.0,43.0,6747.42,5812.05
404,3,662.9,659.62,150.0,146.0,6.0,6747.42,5707.59
404,6,5.76,5.73,0.0,64.0,76.0,6747.42,5394.24
404,9,5.76,5.73,0.0,64.0,76.0,6747.42,5080.88
405,2,330.55,328.92,58.0,100.0,43.0,6762.9,5812.05
405,3,662.9,659.62,150.0,146.0,6.0,6762.9,5707.59
405,6,5.76,5.73,0.0,64.0,76.0,6762.9,5394.24
405,9,5.76,5.73,0.0,64.0,76.0,6762.9,5080.88
415,1,495.49,500.0,96.0,125.0,20.0,6917.74,5916.5
415,2,495.49,500.0,96.0,125.0,20.0,6917.74,5812.05
416,1,495.49,500.0,96.0,125.0,20.0,6933.22,5916.5
416,2,495.49,500.0,96.0,125.0,20.0,6933.22,5812.05
417,1,495.49,500.0,96.0,125.0,20.0,6948.71,5916.5
417,2,495.49,500.0,96.0,125.0,20.0,6948.71,5812.05
432,2,663.72,667.55,151.0,146.0,6.0,7180.96,5812.05
432,6,330.55,332.45,58.0,100.0,43.0,7180.96,5394.24
433,2,663.72,667.55,151.0,146.0,6.0,7196.45,5812.05
433,6,330.55,332.45,58.0,100.0,43.0,7196.45,5394.24
434,2,663.72,667.55,151.0,146.0,6.0,7211.93,5812.05
434,6,330.55,332.45,58.0,100.0,43.0,7211.93,5394.24
461,1,495.49,500.0,96.0,125.0,20.0,7629.99,5916.5
461,6,495.49,500.0,96.0,125.0,20.0,7629.99,5394.24
462,1,495.49,500.0,96.0,125.0,20.0,7645.47,5916.5
462,6,495.49,500.0,96.0,125.0,20.0,7645.47,5394.24
463,1,495.49,500.0,96.0,125.0,20.0,7660.96,5916.5
463,6,495.49,500.0,96.0,125.0,20.0,7660.96,5394.24
490,6,1000.0,1000.0,255.0,229.0,153.0,8079.02,5394.24
491,6,1000.0,1000.0,255.0,229.0,153.0,8094.5,5394.24
